timestamp,open,high,low,close,volume
2022-01-01 00:00:00,0.00010833,0.00011057,0.00010806,0.00011037,2359594376.0
2022-01-01 01:00:00,0.00011052,0.00011053,0.00010948,0.00010966,1876230354.0
2022-01-01 02:00:00,0.00010954,0.00010985,0.0001093,0.00010932,656895508.0
2022-01-01 03:00:00,0.00010932,0.00010947,0.00010912,0.00010912,573548431.0
2022-01-01 04:00:00,0.00010924,0.0001094,0.00010846,0.00010862,628108575.0
2022-01-01 05:00:00,0.00010862,0.00011049,0.00010845,0.00010975,947368989.0
2022-01-01 06:00:00,0.00010985,0.00011035,0.00010957,0.00010957,473434419.0
2022-01-01 07:00:00,0.00010957,0.00011027,0.00010923,0.00011021,649913876.0
2022-01-01 08:00:00,0.00011024,0.00011036,0.00011003,0.00011003,398763871.0
2022-01-01 09:00:00,0.00011,0.0001103,0.0001093,0.00010985,687251976.0
2022-01-01 10:00:00,0.00010993,0.00011001,0.00010891,0.00010923,860658686.0
2022-01-01 11:00:00,0.00010937,0.00010966,0.00010895,0.00010896,735098073.0
2022-01-01 12:00:00,0.00010896,0.00010971,0.00010889,0.00010936,592000583.0
2022-01-01 13:00:00,0.00010938,0.00010997,0.00010938,0.00010965,1004924666.0
2022-01-01 14:00:00,0.00010964,0.0001099,0.00010932,0.00010972,797305221.0
2022-01-01 15:00:00,0.00010958,0.00011031,0.00010946,0.00010972,1018743041.0
2022-01-01 16:00:00,0.00010972,0.00011035,0.00010967,0.00010993,830565495.0
2022-01-01 17:00:00,0.00010994,0.000111,0.00010975,0.00011082,1857180932.0
2022-01-01 18:00:00,0.00011071,0.00011114,0.00011026,0.00011044,1267116590.0
2022-01-01 19:00:00,0.00011044,0.00011044,0.0001099,0.00011005,1089752076.0
2022-01-01 20:00:00,0.00011021,0.00011045,0.00011,0.00011008,1489884975.0
2022-01-01 21:00:00,0.0001101,0.00011045,0.00010991,0.00010991,1083851355.0
2022-01-01 22:00:00,0.00010996,0.00011031,0.00010979,0.00011008,941822841.0
2022-01-01 23:00:00,0.00011009,0.00011079,0.00010996,0.00011077,710802627.0
2022-01-02 00:00:00,0.00011077,0.00011084,0.0001101,0.00011045,662944157.0
2022-01-02 01:00:00,0.00011031,0.00011047,0.00011002,0.00011024,679487847.0
2022-01-02 02:00:00,0.00011022,0.00011054,0.0001101,0.0001102,336842750.0
2022-01-02 03:00:00,0.00011041,0.00011054,0.00011021,0.0001103,358034983.0
2022-01-02 04:00:00,0.00011034,0.0001109,0.0001094,0.00010961,1114733610.0
2022-01-02 05:00:00,0.00010961,0.00011004,0.0001095,0.00010985,647950872.0
2022-01-02 06:00:00,0.0001099,0.00011004,0.00010962,0.00010992,537132513.0
2022-01-02 07:00:00,0.00010992,0.00011025,0.00010982,0.00010999,688488358.0
2022-01-02 08:00:00,0.00010999,0.00011035,0.00010952,0.0001102,900898206.0
2022-01-02 09:00:00,0.00011009,0.00011227,0.00011005,0.0001109,3607212310.0
2022-01-02 10:00:00,0.00011081,0.00011258,0.00011074,0.0001122,1766608972.0
2022-01-02 11:00:00,0.0001122,0.00011291,0.00011174,0.00011271,2381475122.0
2022-01-02 12:00:00,0.00011271,0.00011494,0.00011271,0.00011372,10971914712.0
2022-01-02 13:00:00,0.00011377,0.00011402,0.00011252,0.00011269,2178752917.0
2022-01-02 14:00:00,0.00011266,0.00011367,0.00011191,0.00011307,2508785814.0
2022-01-02 15:00:00,0.00011318,0.00011522,0.00011296,0.00011519,3695008328.0
2022-01-02 16:00:00,0.00011517,0.00011665,0.00011499,0.00011626,4551782355.0
2022-01-02 17:00:00,0.00011626,0.000122,0.00011468,0.00011543,14020973902.0
2022-01-02 18:00:00,0.0001155,0.00011551,0.00011318,0.0001143,4985046314.0
2022-01-02 19:00:00,0.0001142,0.00011497,0.00011357,0.00011433,2026840211.0
2022-01-02 20:00:00,0.00011445,0.00011469,0.0001135,0.00011399,1900609562.0
2022-01-02 21:00:00,0.00011399,0.0001144,0.00011362,0.00011375,1266261656.0
2022-01-02 22:00:00,0.00011379,0.00011388,0.00011301,0.00011336,1969941294.0
2022-01-02 23:00:00,0.00011339,0.00011361,0.00011316,0.00011334,965795194.0
2022-01-03 00:00:00,0.00011334,0.00012111,0.00011256,0.00011891,20744129743.0
2022-01-03 01:00:00,0.00011889,0.00011889,0.00011474,0.00011492,7331262082.0
2022-01-03 02:00:00,0.00011498,0.00011628,0.00011464,0.00011539,3413645034.0
2022-01-03 03:00:00,0.00011539,0.00011658,0.00011443,0.00011516,2843772555.0
2022-01-03 04:00:00,0.00011516,0.00011567,0.00011451,0.00011502,2469282189.0
2022-01-03 05:00:00,0.00011486,0.00011548,0.00011376,0.00011398,2363304847.0
2022-01-03 06:00:00,0.00011412,0.00011589,0.00011399,0.0001157,3855640547.0
2022-01-03 07:00:00,0.0001157,0.00011804,0.00011549,0.00011617,7551062000.0
2022-01-03 08:00:00,0.00011617,0.00011629,0.000115,0.00011572,3818504386.0
2022-01-03 09:00:00,0.00011571,0.00011708,0.00011559,0.00011665,3566797241.0
2022-01-03 10:00:00,0.00011666,0.00011967,0.00011622,0.00011834,6096032416.0
2022-01-03 11:00:00,0.00011834,0.00011856,0.00011678,0.00011752,3951529879.0
2022-01-03 12:00:00,0.00011758,0.00011787,0.00011615,0.00011643,3236827112.0
2022-01-03 13:00:00,0.00011647,0.00011883,0.00011639,0.00011829,2960801258.0
2022-01-03 14:00:00,0.00011828,0.0001185,0.00011718,0.00011765,4073666695.0
2022-01-03 15:00:00,0.00011765,0.00011828,0.00011651,0.00011716,2801582070.0
2022-01-03 16:00:00,0.00011716,0.00011869,0.00011511,0.00011674,6926656239.0
2022-01-03 17:00:00,0.00011673,0.00011915,0.00011643,0.0001183,5844511725.0
2022-01-03 18:00:00,0.00011831,0.00012047,0.00011786,0.00011804,6837981585.0
2022-01-03 19:00:00,0.00011804,0.00011862,0.00011655,0.00011776,3229380229.0
2022-01-03 20:00:00,0.00011771,0.00011825,0.0001158,0.00011712,4738222218.0
2022-01-03 21:00:00,0.00011711,0.00011834,0.000116,0.00011758,2684408760.0
2022-01-03 22:00:00,0.00011742,0.00011823,0.00011553,0.00011565,3252083603.0
2022-01-03 23:00:00,0.00011565,0.00011652,0.00011526,0.00011648,2482123534.0
2022-01-04 00:00:00,0.00011651,0.00011924,0.00011504,0.00011518,5787050819.0
2022-01-04 01:00:00,0.00011523,0.00011618,0.0001141,0.00011424,2440053176.0
2022-01-04 02:00:00,0.00011424,0.0001145,0.00011322,0.00011351,1766381026.0
2022-01-04 03:00:00,0.00011355,0.00011441,0.00011312,0.0001141,2439057612.0
2022-01-04 04:00:00,0.0001142,0.00011458,0.00011353,0.00011387,1477846641.0
2022-01-04 05:00:00,0.00011376,0.00011425,0.00011332,0.00011366,1068567227.0
2022-01-04 06:00:00,0.00011373,0.00011405,0.00011331,0.00011382,1421730433.0
2022-01-04 07:00:00,0.00011382,0.00011432,0.00011373,0.0001143,2054595608.0
2022-01-04 08:00:00,0.0001143,0.00011532,0.00011407,0.00011485,1688708403.0
2022-01-04 09:00:00,0.00011469,0.00011515,0.0001138,0.00011437,1518039285.0
2022-01-04 10:00:00,0.00011437,0.00011496,0.00011407,0.00011483,1027914762.0
2022-01-04 11:00:00,0.0001149,0.00011512,0.00011434,0.00011459,1309689982.0
2022-01-04 12:00:00,0.00011466,0.000117,0.0001137,0.00011595,6880466429.0
2022-01-04 13:00:00,0.00011575,0.00011784,0.00011489,0.00011778,5857761720.0
2022-01-04 14:00:00,0.00011776,0.00011785,0.00011681,0.00011702,5014421097.0
2022-01-04 15:00:00,0.00011702,0.00011717,0.00011525,0.00011552,2505591661.0
2022-01-04 16:00:00,0.00011552,0.00011647,0.0001152,0.00011617,2406729458.0
2022-01-04 17:00:00,0.00011602,0.0001165,0.0001153,0.00011542,1321682817.0
2022-01-04 18:00:00,0.00011541,0.00011612,0.00011244,0.00011329,4102187800.0
2022-01-04 19:00:00,0.00011329,0.0001145,0.00011268,0.00011342,3113753721.0
2022-01-04 20:00:00,0.00011342,0.00011447,0.00011303,0.00011383,1681424165.0
2022-01-04 21:00:00,0.00011383,0.00011451,0.00011377,0.00011423,1530875570.0
2022-01-04 22:00:00,0.00011423,0.00011423,0.00011355,0.00011379,1035141136.0
2022-01-04 23:00:00,0.00011391,0.00011391,0.00011268,0.00011292,1601879873.0
2022-01-05 00:00:00,0.00011302,0.00011409,0.0001126,0.00011408,1299654983.0
2022-01-05 01:00:00,0.000114,0.0001143,0.00011371,0.00011373,1105220537.0
2022-01-05 02:00:00,0.00011372,0.00011432,0.00011371,0.0001142,652271826.0
2022-01-05 03:00:00,0.00011419,0.00011479,0.00011387,0.00011456,1216119962.0
2022-01-05 04:00:00,0.00011456,0.00011487,0.00011425,0.00011453,482216381.0
2022-01-05 05:00:00,0.0001145,0.00011464,0.00011407,0.00011435,1152982444.0
2022-01-05 06:00:00,0.00011435,0.00011476,0.00011421,0.00011448,717387576.0
2022-01-05 07:00:00,0.00011446,0.00011495,0.00011435,0.00011436,1262837349.0
2022-01-05 08:00:00,0.00011436,0.00011504,0.0001136,0.00011405,3667884681.0
2022-01-05 09:00:00,0.00011405,0.00011511,0.00011401,0.00011489,1227980666.0
2022-01-05 10:00:00,0.00011489,0.00011511,0.00011447,0.00011447,1629920852.0
2022-01-05 11:00:00,0.00011447,0.00011455,0.00011235,0.00011325,4762009604.0
2022-01-05 12:00:00,0.00011325,0.0001135,0.00011216,0.00011335,2096547695.0
2022-01-05 13:00:00,0.00011335,0.00011349,0.00011276,0.00011346,1785610479.0
2022-01-05 14:00:00,0.00011347,0.00011356,0.00011215,0.00011315,2984827649.0
2022-01-05 15:00:00,0.000113,0.0001133,0.00011252,0.00011327,1684898311.0
2022-01-05 16:00:00,0.00011327,0.00011327,0.0001125,0.00011252,1194833448.0
2022-01-05 17:00:00,0.00011265,0.00011278,0.00011092,0.00011097,3156186688.0
2022-01-05 18:00:00,0.00011096,0.00011242,0.00011059,0.00011061,2794149919.0
2022-01-05 19:00:00,0.00011074,0.00011078,0.0001067,0.00010687,11483355677.0
2022-01-05 20:00:00,0.00010686,0.00010764,0.00010514,0.00010611,10007062870.0
2022-01-05 21:00:00,0.00010609,0.00010729,0.0001048,0.00010551,5601563227.0
2022-01-05 22:00:00,0.00010551,0.00010598,0.00010034,0.00010454,9158967397.0
2022-01-05 23:00:00,0.00010454,0.00010568,0.00010395,0.00010469,3615428619.0
2022-01-06 00:00:00,0.00010473,0.00010655,0.00010405,0.00010643,3933786596.0
2022-01-06 01:00:00,0.00010635,0.0001065,0.00010449,0.0001049,2684004880.0
2022-01-06 02:00:00,0.0001047,0.00010494,0.00010287,0.000103,2565052221.0
2022-01-06 03:00:00,0.00010303,0.00010358,0.00010222,0.00010222,2471580253.0
2022-01-06 04:00:00,0.00010233,0.00010371,0.00010184,0.00010329,3621118539.0
2022-01-06 05:00:00,0.00010336,0.00010429,0.00010264,0.00010358,1920880900.0
2022-01-06 06:00:00,0.0001035,0.00010397,0.00010281,0.00010353,1591060610.0
2022-01-06 07:00:00,0.00010355,0.00010435,0.00010328,0.00010418,1337894677.0
2022-01-06 08:00:00,0.00010409,0.0001043,0.00010252,0.00010313,1760093242.0
2022-01-06 09:00:00,0.00010306,0.00010371,9.975e-05,0.00010007,5855011162.0
2022-01-06 10:00:00,0.00010005,0.00010193,0.00010005,0.00010153,3703778999.0
2022-01-06 11:00:00,0.00010165,0.00010222,0.00010031,0.00010107,3247514645.0
2022-01-06 12:00:00,0.00010107,0.00010196,0.00010028,0.00010183,2457433688.0
2022-01-06 13:00:00,0.00010189,0.00010273,0.0001014,0.00010272,2456301274.0
2022-01-06 14:00:00,0.00010272,0.00010325,0.00010179,0.00010193,3085209684.0
2022-01-06 15:00:00,0.00010191,0.0001027,0.00010072,0.0001024,2928157439.0
2022-01-06 16:00:00,0.0001024,0.00010298,0.00010176,0.00010254,2257538773.0
2022-01-06 17:00:00,0.00010247,0.00010344,0.00010223,0.00010311,1114222065.0
2022-01-06 18:00:00,0.00010322,0.00010371,0.00010261,0.00010348,3128494207.0
2022-01-06 19:00:00,0.00010343,0.00010364,0.00010292,0.0001035,1023107552.0
2022-01-06 20:00:00,0.0001035,0.00010366,0.00010243,0.00010277,1350833589.0
2022-01-06 21:00:00,0.00010268,0.00010315,0.00010234,0.00010315,1329528003.0
2022-01-06 22:00:00,0.0001031,0.00010376,0.00010283,0.00010354,1430013532.0
2022-01-06 23:00:00,0.00010345,0.00010387,0.00010318,0.00010344,1127984878.0
2022-01-07 00:00:00,0.00010344,0.00010366,0.00010158,0.00010207,1640803791.0
2022-01-07 01:00:00,0.00010194,0.00010273,0.0001014,0.00010246,787499391.0
2022-01-07 02:00:00,0.00010246,0.00010331,0.00010112,0.00010125,2396246094.0
2022-01-07 03:00:00,0.00010114,0.00010132,9.709e-05,9.834e-05,7147046040.0
2022-01-07 04:00:00,9.83e-05,9.95e-05,9.643e-05,9.902e-05,6203262295.0
2022-01-07 05:00:00,9.915e-05,0.00010005,9.834e-05,9.939e-05,2245132907.0
2022-01-07 06:00:00,9.936e-05,9.999e-05,9.788e-05,9.843e-05,2282579399.0
2022-01-07 07:00:00,9.842e-05,9.932e-05,9.68e-05,9.932e-05,2960036534.0
2022-01-07 08:00:00,9.932e-05,0.00010068,9.842e-05,0.00010045,3086638825.0
2022-01-07 09:00:00,0.0001005,0.0001021,0.00010044,0.00010109,2062359881.0
2022-01-07 10:00:00,0.0001012,0.00010121,0.00010049,0.00010069,1784186099.0
2022-01-07 11:00:00,0.00010069,0.00010103,0.00010023,0.0001005,1580840620.0
2022-01-07 12:00:00,0.0001005,0.00010094,0.0001002,0.00010064,2285317736.0
2022-01-07 13:00:00,0.00010078,0.00010123,9.837e-05,9.96e-05,3959073745.0
2022-01-07 14:00:00,9.962e-05,0.0001005,9.908e-05,9.988e-05,1695341286.0
2022-01-07 15:00:00,9.988e-05,0.00010011,9.705e-05,9.955e-05,2910132238.0
2022-01-07 16:00:00,9.957e-05,9.995e-05,9.717e-05,9.881e-05,9090665200.0
2022-01-07 17:00:00,9.88e-05,9.89e-05,9.84e-05,9.89e-05,3669999477.0
2022-01-07 18:00:00,9.884e-05,9.89e-05,9.783e-05,9.831e-05,1344832105.0
2022-01-07 19:00:00,9.841e-05,9.89e-05,9.783e-05,9.872e-05,2167211966.0
2022-01-07 20:00:00,9.864e-05,9.93e-05,9.809e-05,9.893e-05,2112942887.0
2022-01-07 21:00:00,9.884e-05,9.941e-05,9.869e-05,9.898e-05,1358600281.0
2022-01-07 22:00:00,9.897e-05,9.899e-05,9.821e-05,9.828e-05,1338532483.0
2022-01-07 23:00:00,9.826e-05,9.9e-05,9.822e-05,9.855e-05,1042188460.0
2022-01-08 00:00:00,9.86e-05,9.907e-05,9.824e-05,9.9e-05,2477294947.0
2022-01-08 01:00:00,9.891e-05,9.907e-05,9.856e-05,9.897e-05,5863802626.0
2022-01-08 02:00:00,9.889e-05,9.899e-05,9.804e-05,9.838e-05,1016047569.0
2022-01-08 03:00:00,9.838e-05,9.899e-05,9.804e-05,9.89e-05,1191017437.0
2022-01-08 04:00:00,9.88e-05,9.939e-05,9.864e-05,9.931e-05,2117224583.0
2022-01-08 05:00:00,9.931e-05,9.983e-05,9.887e-05,9.96e-05,1150704866.0
2022-01-08 06:00:00,9.96e-05,0.00010001,9.935e-05,9.99e-05,1206353388.0
2022-01-08 07:00:00,9.979e-05,0.00010067,9.97e-05,0.00010002,1360757139.0
2022-01-08 08:00:00,0.00010002,0.00010066,9.977e-05,9.981e-05,1863186977.0
2022-01-08 09:00:00,9.988e-05,0.0001004,9.979e-05,0.00010022,1050661430.0
2022-01-08 10:00:00,0.00010022,0.00010054,9.932e-05,9.951e-05,1095941113.0
2022-01-08 11:00:00,9.953e-05,9.992e-05,9.912e-05,9.952e-05,1090990741.0
2022-01-08 12:00:00,9.957e-05,9.96e-05,9.872e-05,9.894e-05,1110924729.0
2022-01-08 13:00:00,9.892e-05,9.984e-05,9.84e-05,9.927e-05,1421863889.0
2022-01-08 14:00:00,9.918e-05,9.971e-05,9.845e-05,9.849e-05,1011145039.0
2022-01-08 15:00:00,9.849e-05,9.884e-05,9.783e-05,9.8e-05,1630213738.0
2022-01-08 16:00:00,9.796e-05,9.831e-05,9.705e-05,9.706e-05,2406727204.0
2022-01-08 17:00:00,9.706e-05,9.779e-05,9.562e-05,9.562e-05,3887743452.0
2022-01-08 18:00:00,9.562e-05,9.636e-05,9.3e-05,9.403e-05,6330483346.0
2022-01-08 19:00:00,9.406e-05,9.525e-05,9.35e-05,9.388e-05,2617878739.0
2022-01-08 20:00:00,9.4e-05,9.504e-05,9.373e-05,9.4e-05,1916321578.0
2022-01-08 21:00:00,9.4e-05,9.665e-05,9.396e-05,9.602e-05,2006636149.0
2022-01-08 22:00:00,9.601e-05,9.802e-05,9.579e-05,9.711e-05,1896366263.0
2022-01-08 23:00:00,9.723e-05,9.744e-05,9.614e-05,9.632e-05,1404725990.0
2022-01-09 00:00:00,9.624e-05,9.71e-05,9.523e-05,9.672e-05,2055420451.0
2022-01-09 01:00:00,9.666e-05,9.702e-05,9.524e-05,9.594e-05,2023521043.0
2022-01-09 02:00:00,9.594e-05,9.808e-05,9.582e-05,9.723e-05,2078348361.0
2022-01-09 03:00:00,9.729e-05,9.753e-05,9.622e-05,9.636e-05,1370899017.0
2022-01-09 04:00:00,9.637e-05,9.733e-05,9.635e-05,9.719e-05,1814047263.0
2022-01-09 05:00:00,9.722e-05,9.737e-05,9.613e-05,9.619e-05,795371998.0
2022-01-09 06:00:00,9.622e-05,9.692e-05,9.603e-05,9.664e-05,943923520.0
2022-01-09 07:00:00,9.664e-05,9.688e-05,9.609e-05,9.624e-05,1433405264.0
2022-01-09 08:00:00,9.624e-05,9.681e-05,9.573e-05,9.59e-05,1045149282.0
2022-01-09 09:00:00,9.589e-05,9.62e-05,9.533e-05,9.55e-05,1579437208.0
2022-01-09 10:00:00,9.557e-05,9.6e-05,9.3e-05,9.402e-05,15100368493.0
2022-01-09 11:00:00,9.41e-05,9.496e-05,9.403e-05,9.459e-05,2699459651.0
2022-01-09 12:00:00,9.459e-05,9.478e-05,9.371e-05,9.41e-05,2139661562.0
2022-01-09 13:00:00,9.413e-05,9.448e-05,9.347e-05,9.371e-05,3181196501.0
2022-01-09 14:00:00,9.37e-05,9.449e-05,9.368e-05,9.408e-05,1255118829.0
2022-01-09 15:00:00,9.409e-05,9.43e-05,9.3e-05,9.368e-05,2524761867.0
2022-01-09 16:00:00,9.379e-05,9.539e-05,9.346e-05,9.53e-05,1728319479.0
2022-01-09 17:00:00,9.539e-05,9.609e-05,9.488e-05,9.6e-05,1855980539.0
2022-01-09 18:00:00,9.592e-05,9.696e-05,9.576e-05,9.576e-05,2198493199.0
2022-01-09 19:00:00,9.588e-05,9.731e-05,9.576e-05,9.709e-05,2448677758.0
2022-01-09 20:00:00,9.709e-05,9.719e-05,9.647e-05,9.658e-05,1854389921.0
2022-01-09 21:00:00,9.653e-05,9.687e-05,9.611e-05,9.623e-05,874856239.0
2022-01-09 22:00:00,9.625e-05,9.656e-05,9.59e-05,9.593e-05,1581045339.0
2022-01-09 23:00:00,9.607e-05,9.618e-05,9.502e-05,9.617e-05,1273662888.0
2022-01-10 00:00:00,9.61e-05,9.619e-05,9.459e-05,9.459e-05,947074987.0
2022-01-10 01:00:00,9.459e-05,9.541e-05,9.459e-05,9.505e-05,681718133.0
2022-01-10 02:00:00,9.508e-05,9.553e-05,9.419e-05,9.533e-05,1310546021.0
2022-01-10 03:00:00,9.54e-05,9.578e-05,9.518e-05,9.55e-05,561436144.0
2022-01-10 04:00:00,9.55e-05,9.675e-05,9.522e-05,9.675e-05,856849649.0
2022-01-10 05:00:00,9.674e-05,9.687e-05,9.6e-05,9.662e-05,630285425.0
2022-01-10 06:00:00,9.662e-05,9.701e-05,9.599e-05,9.625e-05,1661709766.0
2022-01-10 07:00:00,9.625e-05,9.667e-05,9.601e-05,9.646e-05,1226752268.0
2022-01-10 08:00:00,9.65e-05,9.675e-05,9.499e-05,9.522e-05,1836577133.0
2022-01-10 09:00:00,9.522e-05,9.539e-05,9.463e-05,9.47e-05,1723445938.0
2022-01-10 10:00:00,9.469e-05,9.52e-05,9.435e-05,9.489e-05,1560399381.0
2022-01-10 11:00:00,9.49e-05,9.498e-05,9.354e-05,9.395e-05,1630490905.0
2022-01-10 12:00:00,9.394e-05,9.416e-05,9.09e-05,9.101e-05,4027100352.0
2022-01-10 13:00:00,9.091e-05,9.17e-05,9.061e-05,9.069e-05,2899470595.0
2022-01-10 14:00:00,9.064e-05,9.075e-05,8.551e-05,8.926e-05,11112248720.0
2022-01-10 15:00:00,8.922e-05,8.987e-05,8.793e-05,8.934e-05,4873670093.0
2022-01-10 16:00:00,8.95e-05,9.158e-05,8.858e-05,9.122e-05,3899278986.0
2022-01-10 17:00:00,9.117e-05,9.144e-05,8.753e-05,8.876e-05,5110633957.0
2022-01-10 18:00:00,8.883e-05,8.997e-05,8.846e-05,8.957e-05,4788598432.0
2022-01-10 19:00:00,8.956e-05,9.021e-05,8.856e-05,8.895e-05,2330889600.0
2022-01-10 20:00:00,8.909e-05,9.021e-05,8.834e-05,8.996e-05,1798279565.0
2022-01-10 21:00:00,9.009e-05,9.052e-05,8.949e-05,9.015e-05,2069389219.0
2022-01-10 22:00:00,9.022e-05,9.068e-05,8.919e-05,8.934e-05,1545311092.0
2022-01-10 23:00:00,8.937e-05,9.05e-05,8.908e-05,9.039e-05,1756424599.0
2022-01-11 00:00:00,9.045e-05,9.333e-05,8.969e-05,9.149e-05,5694104034.0
2022-01-11 01:00:00,9.156e-05,9.198e-05,9.042e-05,9.117e-05,2234517950.0
2022-01-11 02:00:00,9.122e-05,9.211e-05,9.112e-05,9.127e-05,2460444781.0
2022-01-11 03:00:00,9.131e-05,9.175e-05,9.086e-05,9.172e-05,1339020367.0
2022-01-11 04:00:00,9.176e-05,9.203e-05,9.084e-05,9.093e-05,2150757290.0
2022-01-11 05:00:00,9.1e-05,9.118e-05,9.005e-05,9.045e-05,1104255482.0
2022-01-11 06:00:00,9.045e-05,9.104e-05,8.976e-05,9.036e-05,905979017.0
2022-01-11 07:00:00,9.044e-05,9.126e-05,9.01e-05,9.126e-05,2134335808.0
2022-01-11 08:00:00,9.121e-05,9.245e-05,9.077e-05,9.081e-05,1924470103.0
2022-01-11 09:00:00,9.081e-05,9.141e-05,9.052e-05,9.057e-05,965031787.0
2022-01-11 10:00:00,9.054e-05,9.101e-05,8.932e-05,8.943e-05,2897298099.0
2022-01-11 11:00:00,8.941e-05,9.06e-05,8.941e-05,9.053e-05,1345802348.0
2022-01-11 12:00:00,9.04e-05,9.139e-05,9.021e-05,9.043e-05,2502318384.0
2022-01-11 13:00:00,9.035e-05,9.083e-05,9e-05,9.082e-05,1343300699.0
2022-01-11 14:00:00,9.083e-05,9.113e-05,8.913e-05,9.056e-05,2455148701.0
2022-01-11 15:00:00,9.058e-05,9.157e-05,8.955e-05,9.094e-05,8152695964.0
2022-01-11 16:00:00,9.087e-05,9.315e-05,9.064e-05,9.251e-05,4355913240.0
2022-01-11 17:00:00,9.252e-05,9.398e-05,9.221e-05,9.279e-05,4285067265.0
2022-01-11 18:00:00,9.28e-05,9.385e-05,9.233e-05,9.34e-05,2890103759.0
2022-01-11 19:00:00,9.342e-05,9.414e-05,9.291e-05,9.4e-05,2984671996.0
2022-01-11 20:00:00,9.402e-05,9.429e-05,9.334e-05,9.358e-05,2428999334.0
2022-01-11 21:00:00,9.364e-05,9.423e-05,9.344e-05,9.372e-05,1795249475.0
2022-01-11 22:00:00,9.367e-05,9.374e-05,9.302e-05,9.308e-05,1577255687.0
2022-01-11 23:00:00,9.307e-05,9.364e-05,9.303e-05,9.356e-05,1540724494.0
2022-01-12 00:00:00,9.347e-05,9.461e-05,9.331e-05,9.372e-05,2491304719.0
2022-01-12 01:00:00,9.367e-05,9.392e-05,9.331e-05,9.353e-05,1452565176.0
2022-01-12 02:00:00,9.352e-05,9.398e-05,9.297e-05,9.353e-05,1729087053.0
2022-01-12 03:00:00,9.356e-05,9.364e-05,9.316e-05,9.358e-05,951456572.0
2022-01-12 04:00:00,9.359e-05,9.422e-05,9.336e-05,9.382e-05,1494933255.0
2022-01-12 05:00:00,9.38e-05,9.408e-05,9.341e-05,9.408e-05,1963256880.0
2022-01-12 06:00:00,9.403e-05,9.496e-05,9.379e-05,9.436e-05,2400875041.0
2022-01-12 07:00:00,9.432e-05,9.438e-05,9.329e-05,9.379e-05,2617533591.0
2022-01-12 08:00:00,9.377e-05,9.45e-05,9.339e-05,9.413e-05,2668613161.0
2022-01-12 09:00:00,9.416e-05,9.531e-05,9.39e-05,9.477e-05,3183974023.0
2022-01-12 10:00:00,9.478e-05,9.52e-05,9.444e-05,9.474e-05,2285331821.0
2022-01-12 11:00:00,9.473e-05,9.586e-05,9.423e-05,9.488e-05,2602226486.0
2022-01-12 12:00:00,9.481e-05,9.65e-05,9.476e-05,9.634e-05,3035515698.0
2022-01-12 13:00:00,9.634e-05,9.82e-05,9.576e-05,9.807e-05,6408171355.0
2022-01-12 14:00:00,9.807e-05,9.86e-05,9.781e-05,9.838e-05,5289750182.0
2022-01-12 15:00:00,9.84e-05,9.909e-05,9.747e-05,9.822e-05,5391606122.0
2022-01-12 16:00:00,9.817e-05,9.881e-05,9.795e-05,9.863e-05,3798656946.0
2022-01-12 17:00:00,9.86e-05,9.881e-05,9.814e-05,9.852e-05,3438556897.0
2022-01-12 18:00:00,9.859e-05,9.868e-05,9.795e-05,9.839e-05,2686724397.0
2022-01-12 19:00:00,9.839e-05,9.89e-05,9.805e-05,9.847e-05,2098860011.0
2022-01-12 20:00:00,9.847e-05,9.847e-05,9.782e-05,9.794e-05,2684973582.0
2022-01-12 21:00:00,9.79e-05,9.877e-05,9.75e-05,9.757e-05,2337560372.0
2022-01-12 22:00:00,9.758e-05,9.814e-05,9.75e-05,9.763e-05,1918417898.0
2022-01-12 23:00:00,9.765e-05,9.82e-05,9.755e-05,9.819e-05,922452312.0
2022-01-13 00:00:00,9.808e-05,9.848e-05,9.751e-05,9.757e-05,1364859218.0
2022-01-13 01:00:00,9.761e-05,0.00010243,9.756e-05,9.913e-05,7983575497.0
2022-01-13 02:00:00,9.913e-05,0.00010132,9.872e-05,9.941e-05,5539870827.0
2022-01-13 03:00:00,9.945e-05,9.969e-05,9.842e-05,9.928e-05,3424570338.0
2022-01-13 04:00:00,9.92e-05,0.0001,9.902e-05,9.948e-05,2200959636.0
2022-01-13 05:00:00,9.942e-05,0.0001002,9.897e-05,9.984e-05,1611368320.0
2022-01-13 06:00:00,9.984e-05,0.00010088,9.973e-05,0.00010065,3125522196.0
2022-01-13 07:00:00,0.00010063,0.00010091,9.922e-05,9.978e-05,4295382106.0
2022-01-13 08:00:00,9.981e-05,0.00010076,9.957e-05,0.00010076,2239278057.0
2022-01-13 09:00:00,0.00010073,0.00010137,0.00010025,0.00010129,3073849390.0
2022-01-13 10:00:00,0.00010126,0.00010135,0.00010029,0.00010035,2671358168.0
2022-01-13 11:00:00,0.00010042,0.00010063,9.857e-05,9.913e-05,3971465373.0
2022-01-13 12:00:00,9.913e-05,0.00010012,9.875e-05,9.999e-05,2372565966.0
2022-01-13 13:00:00,9.998e-05,0.00010002,9.912e-05,9.977e-05,1982712228.0
2022-01-13 14:00:00,9.978e-05,0.00010062,9.971e-05,0.00010017,1848729358.0
2022-01-13 15:00:00,0.00010025,0.00010028,9.584e-05,9.744e-05,7063967865.0
2022-01-13 16:00:00,9.742e-05,9.887e-05,9.674e-05,9.798e-05,4365472676.0
2022-01-13 17:00:00,9.799e-05,9.799e-05,9.573e-05,9.643e-05,4447742749.0
2022-01-13 18:00:00,9.64e-05,9.7e-05,9.612e-05,9.636e-05,2825014962.0
2022-01-13 19:00:00,9.633e-05,9.692e-05,9.525e-05,9.599e-05,2870043261.0
2022-01-13 20:00:00,9.591e-05,9.602e-05,9.485e-05,9.595e-05,2737040161.0
2022-01-13 21:00:00,9.599e-05,9.632e-05,9.557e-05,9.592e-05,1381102224.0
2022-01-13 22:00:00,9.592e-05,9.612e-05,9.515e-05,9.548e-05,1266426888.0
2022-01-13 23:00:00,9.541e-05,9.6e-05,9.469e-05,9.497e-05,3479730650.0
2022-01-14 00:00:00,9.496e-05,9.536e-05,9.449e-05,9.511e-05,4562364422.0
2022-01-14 01:00:00,9.515e-05,9.526e-05,9.477e-05,9.505e-05,3141254945.0
2022-01-14 02:00:00,9.513e-05,9.547e-05,9.45e-05,9.537e-05,1810427372.0
2022-01-14 03:00:00,9.54e-05,9.589e-05,9.507e-05,9.563e-05,861554968.0
2022-01-14 04:00:00,9.566e-05,9.666e-05,9.543e-05,9.557e-05,2103536735.0
2022-01-14 05:00:00,9.557e-05,9.704e-05,9.557e-05,9.684e-05,2041219914.0
2022-01-14 06:00:00,9.685e-05,9.73e-05,9.624e-05,9.662e-05,1932241685.0
2022-01-14 07:00:00,9.659e-05,9.752e-05,9.614e-05,9.668e-05,2287767145.0
2022-01-14 08:00:00,9.656e-05,9.666e-05,9.491e-05,9.562e-05,1949909868.0
2022-01-14 09:00:00,9.565e-05,9.948e-05,9.548e-05,9.9e-05,6947065977.0
2022-01-14 10:00:00,9.895e-05,9.97e-05,9.448e-05,9.465e-05,6482588821.0
2022-01-14 11:00:00,9.463e-05,9.464e-05,9.34e-05,9.451e-05,3522353248.0
2022-01-14 12:00:00,9.444e-05,9.529e-05,9.331e-05,9.476e-05,1723392709.0
2022-01-14 13:00:00,9.479e-05,9.605e-05,9.464e-05,9.544e-05,1971507697.0
2022-01-14 14:00:00,9.543e-05,9.739e-05,9.478e-05,9.712e-05,2962722885.0
2022-01-14 15:00:00,9.715e-05,9.763e-05,9.62e-05,9.676e-05,1937685828.0
2022-01-14 16:00:00,9.676e-05,9.755e-05,9.551e-05,9.676e-05,1999718731.0
2022-01-14 17:00:00,9.671e-05,9.7e-05,9.596e-05,9.622e-05,1309259843.0
2022-01-14 18:00:00,9.615e-05,9.682e-05,9.608e-05,9.672e-05,1187924035.0
2022-01-14 19:00:00,9.68e-05,9.763e-05,9.67e-05,9.718e-05,1090686534.0
2022-01-14 20:00:00,9.726e-05,9.765e-05,9.698e-05,9.734e-05,2899555072.0
2022-01-14 21:00:00,9.73e-05,9.842e-05,9.723e-05,9.795e-05,1744575868.0
2022-01-14 22:00:00,9.797e-05,9.865e-05,9.775e-05,9.775e-05,978168002.0
2022-01-14 23:00:00,9.773e-05,9.853e-05,9.675e-05,9.702e-05,2573950747.0
2022-01-15 00:00:00,9.7e-05,0.00010397,9.7e-05,9.964e-05,25402692775.0
2022-01-15 01:00:00,9.978e-05,0.00010046,9.867e-05,9.931e-05,6448097874.0
2022-01-15 02:00:00,9.923e-05,0.00010048,9.9e-05,9.98e-05,2171215729.0
2022-01-15 03:00:00,9.98e-05,0.00010052,9.918e-05,9.98e-05,2102514623.0
2022-01-15 04:00:00,9.971e-05,0.00010027,9.892e-05,9.937e-05,3026373379.0
2022-01-15 05:00:00,9.934e-05,9.998e-05,9.89e-05,9.94e-05,2174122373.0
2022-01-15 06:00:00,9.94e-05,9.977e-05,9.866e-05,9.925e-05,2545962987.0
2022-01-15 07:00:00,9.925e-05,9.987e-05,9.882e-05,9.985e-05,1650740073.0
2022-01-15 08:00:00,9.986e-05,0.0001004,9.911e-05,9.93e-05,3501315624.0
2022-01-15 09:00:00,9.926e-05,9.954e-05,9.868e-05,9.931e-05,3447356181.0
2022-01-15 10:00:00,9.92e-05,9.994e-05,9.909e-05,9.971e-05,2551302447.0
2022-01-15 11:00:00,9.97e-05,0.00010025,9.943e-05,9.976e-05,2513534446.0
2022-01-15 12:00:00,9.979e-05,9.982e-05,9.804e-05,9.925e-05,2844041836.0
2022-01-15 13:00:00,9.925e-05,9.959e-05,9.864e-05,9.936e-05,2847654908.0
2022-01-15 14:00:00,9.932e-05,0.00010023,9.9e-05,9.98e-05,2739560255.0
2022-01-15 15:00:00,9.991e-05,0.00010019,9.917e-05,9.997e-05,1760004984.0
2022-01-15 16:00:00,9.999e-05,0.00010025,9.968e-05,9.987e-05,2137791496.0
2022-01-15 17:00:00,9.993e-05,0.00010032,9.951e-05,9.968e-05,2747333636.0
2022-01-15 18:00:00,9.966e-05,0.00010004,9.946e-05,9.967e-05,964406655.0
2022-01-15 19:00:00,9.976e-05,0.00010171,9.963e-05,0.00010109,4072814095.0
2022-01-15 20:00:00,0.00010116,0.00010248,0.00010109,0.0001023,3455674322.0
2022-01-15 21:00:00,0.00010225,0.00010279,0.00010104,0.00010121,5749686729.0
2022-01-15 22:00:00,0.0001012,0.00010163,0.00010087,0.00010119,1724245512.0
2022-01-15 23:00:00,0.00010123,0.00010177,0.00010069,0.00010109,1613623943.0
2022-01-16 00:00:00,0.00010127,0.00010147,0.00010004,0.00010026,2820204413.0
2022-01-16 01:00:00,0.00010025,0.00010077,9.97e-05,9.97e-05,1621883617.0
2022-01-16 02:00:00,9.972e-05,0.00010026,9.87e-05,9.959e-05,1710588354.0
2022-01-16 03:00:00,9.949e-05,9.99e-05,9.891e-05,9.981e-05,1170893490.0
2022-01-16 04:00:00,9.979e-05,0.00010022,9.952e-05,9.972e-05,1261232780.0
2022-01-16 05:00:00,9.972e-05,0.00010077,9.965e-05,0.00010031,2451971277.0
2022-01-16 06:00:00,0.00010019,0.00010199,0.00010017,0.00010166,2246758420.0
2022-01-16 07:00:00,0.00010169,0.0001025,0.00010131,0.00010238,1719733507.0
2022-01-16 08:00:00,0.00010237,0.00010262,0.00010158,0.00010229,2770616313.0
2022-01-16 09:00:00,0.00010219,0.00010277,0.0001019,0.00010248,2997414919.0
2022-01-16 10:00:00,0.0001025,0.0001029,0.0001008,0.00010082,3709401494.0
2022-01-16 11:00:00,0.00010087,0.00010161,0.00010057,0.00010124,3555289129.0
2022-01-16 12:00:00,0.00010135,0.00010236,0.00010124,0.00010175,1669523016.0
2022-01-16 13:00:00,0.00010173,0.00010184,0.0001,0.00010146,3252832553.0
2022-01-16 14:00:00,0.00010154,0.00010227,0.00010093,0.00010131,1601513115.0
2022-01-16 15:00:00,0.00010141,0.0001025,0.00010106,0.00010227,1981482193.0
2022-01-16 16:00:00,0.00010227,0.0001036,0.00010204,0.00010299,3906357027.0
2022-01-16 17:00:00,0.00010302,0.0001035,0.00010287,0.00010304,2176453512.0
2022-01-16 18:00:00,0.000103,0.00010351,0.00010264,0.00010308,2419705057.0
2022-01-16 19:00:00,0.00010307,0.00010363,0.0001022,0.0001032,3107571106.0
2022-01-16 20:00:00,0.0001032,0.0001035,0.0001022,0.00010306,2679602094.0
2022-01-16 21:00:00,0.0001031,0.00010335,0.00010258,0.00010321,3188737547.0
2022-01-16 22:00:00,0.00010321,0.00010436,0.00010317,0.00010363,3226666422.0
2022-01-16 23:00:00,0.00010364,0.00010392,0.0001031,0.0001031,2728304669.0
2022-01-17 00:00:00,0.00010306,0.00010343,0.00010129,0.00010151,4414233178.0
2022-01-17 01:00:00,0.00010142,0.00010294,0.00010133,0.00010283,3636694880.0
2022-01-17 02:00:00,0.00010281,0.00010345,0.0001026,0.00010311,2733412521.0
2022-01-17 03:00:00,0.000103,0.00010371,0.00010066,0.00010108,4112357501.0
2022-01-17 04:00:00,0.00010105,0.00010226,0.00010055,0.0001015,4104357232.0
2022-01-17 05:00:00,0.00010146,0.00010146,0.00010013,0.0001011,2180339632.0
2022-01-17 06:00:00,0.00010107,0.00010231,0.00010099,0.00010181,2612242236.0
2022-01-17 07:00:00,0.00010179,0.000103,0.0001017,0.00010194,3042828020.0
2022-01-17 08:00:00,0.00010194,0.00010229,0.00010097,0.00010116,4162182810.0
2022-01-17 09:00:00,0.00010123,0.00010175,0.00010094,0.00010173,1959010541.0
2022-01-17 10:00:00,0.00010173,0.00010233,0.00010092,0.00010181,1884228996.0
2022-01-17 11:00:00,0.00010188,0.00010232,9.995e-05,0.00010003,4353564090.0
2022-01-17 12:00:00,0.00010001,0.00010151,9.955e-05,0.00010045,4604831475.0
2022-01-17 13:00:00,0.00010045,0.00010133,0.00010016,0.00010106,1869142602.0
2022-01-17 14:00:00,0.00010106,0.00010148,9.986e-05,0.0001,3043465644.0
2022-01-17 15:00:00,9.997e-05,9.998e-05,9.87e-05,9.889e-05,1737988062.0
2022-01-17 16:00:00,9.887e-05,9.949e-05,9.781e-05,9.839e-05,3278049852.0
2022-01-17 17:00:00,9.845e-05,9.872e-05,9.719e-05,9.825e-05,2614403201.0
2022-01-17 18:00:00,9.825e-05,9.964e-05,9.78e-05,9.883e-05,2216178318.0
2022-01-17 19:00:00,9.893e-05,9.955e-05,9.883e-05,9.943e-05,966559555.0
2022-01-17 20:00:00,9.944e-05,0.00010069,9.927e-05,9.989e-05,1337095230.0
2022-01-17 21:00:00,9.965e-05,9.992e-05,9.801e-05,9.877e-05,1501313802.0
2022-01-17 22:00:00,9.863e-05,0.00010052,9.834e-05,9.933e-05,1106438359.0
2022-01-17 23:00:00,9.933e-05,0.00010033,9.902e-05,9.954e-05,1175677842.0
2022-01-18 00:00:00,9.949e-05,0.00010004,9.917e-05,9.969e-05,1634695043.0
2022-01-18 01:00:00,9.972e-05,0.00010034,9.919e-05,9.968e-05,3041086079.0
2022-01-18 02:00:00,9.966e-05,0.00010014,9.937e-05,9.992e-05,614821574.0
2022-01-18 03:00:00,9.993e-05,0.00010015,9.894e-05,9.92e-05,1512288065.0
2022-01-18 04:00:00,9.922e-05,9.941e-05,9.752e-05,9.753e-05,2553896811.0
2022-01-18 05:00:00,9.758e-05,9.776e-05,9.695e-05,9.754e-05,4064603003.0
2022-01-18 06:00:00,9.748e-05,9.861e-05,9.748e-05,9.837e-05,1178133796.0
2022-01-18 07:00:00,9.847e-05,9.857e-05,9.732e-05,9.78e-05,1915121529.0
2022-01-18 08:00:00,9.777e-05,9.779e-05,9.486e-05,9.515e-05,2699636725.0
2022-01-18 09:00:00,9.497e-05,9.528e-05,9.368e-05,9.5e-05,2567964427.0
2022-01-18 10:00:00,9.501e-05,9.519e-05,9.433e-05,9.443e-05,1480999913.0
2022-01-18 11:00:00,9.443e-05,9.481e-05,9.395e-05,9.479e-05,1120710365.0
2022-01-18 12:00:00,9.461e-05,9.49e-05,9.361e-05,9.426e-05,2878567221.0
2022-01-18 13:00:00,9.426e-05,9.429e-05,9.274e-05,9.357e-05,2415479397.0
2022-01-18 14:00:00,9.358e-05,9.409e-05,9.29e-05,9.365e-05,1711262710.0
2022-01-18 15:00:00,9.365e-05,9.469e-05,9.334e-05,9.368e-05,1551449487.0
2022-01-18 16:00:00,9.378e-05,9.444e-05,9.304e-05,9.4e-05,1213891404.0
2022-01-18 17:00:00,9.396e-05,9.44e-05,9.351e-05,9.357e-05,1677455249.0
2022-01-18 18:00:00,9.355e-05,9.371e-05,9.276e-05,9.338e-05,1550665532.0
2022-01-18 19:00:00,9.34e-05,9.407e-05,9.325e-05,9.39e-05,755709418.0
2022-01-18 20:00:00,9.38e-05,9.408e-05,9.31e-05,9.38e-05,669152624.0
2022-01-18 21:00:00,9.38e-05,9.558e-05,9.347e-05,9.544e-05,1370773554.0
2022-01-18 22:00:00,9.546e-05,9.614e-05,9.511e-05,9.561e-05,1017489764.0
2022-01-18 23:00:00,9.558e-05,9.624e-05,9.48e-05,9.565e-05,2868003496.0
2022-01-19 00:00:00,9.574e-05,9.83e-05,9.531e-05,9.531e-05,13293483009.0
2022-01-19 01:00:00,9.531e-05,9.615e-05,9.505e-05,9.577e-05,1467496311.0
2022-01-19 02:00:00,9.569e-05,9.592e-05,9.46e-05,9.508e-05,1288835044.0
2022-01-19 03:00:00,9.507e-05,9.507e-05,9.208e-05,9.264e-05,3945863578.0
2022-01-19 04:00:00,9.274e-05,9.307e-05,9.203e-05,9.281e-05,1313279536.0
2022-01-19 05:00:00,9.273e-05,9.344e-05,9.257e-05,9.296e-05,1348203831.0
2022-01-19 06:00:00,9.305e-05,9.336e-05,9.277e-05,9.289e-05,820508625.0
2022-01-19 07:00:00,9.286e-05,9.289e-05,9.049e-05,9.122e-05,3458462251.0
2022-01-19 08:00:00,9.122e-05,9.173e-05,9.014e-05,9.153e-05,2415384657.0
2022-01-19 09:00:00,9.152e-05,9.239e-05,9.142e-05,9.235e-05,1140589246.0
2022-01-19 10:00:00,9.235e-05,9.247e-05,9.127e-05,9.203e-05,1356477374.0
2022-01-19 11:00:00,9.203e-05,9.346e-05,9.162e-05,9.244e-05,2906367300.0
2022-01-19 12:00:00,9.244e-05,9.297e-05,9.223e-05,9.243e-05,893156979.0
2022-01-19 13:00:00,9.245e-05,9.381e-05,9.245e-05,9.343e-05,1935910831.0
2022-01-19 14:00:00,9.342e-05,9.434e-05,9.324e-05,9.426e-05,1736579309.0
2022-01-19 15:00:00,9.428e-05,9.432e-05,9.264e-05,9.326e-05,1431867628.0
2022-01-19 16:00:00,9.316e-05,9.34e-05,9.209e-05,9.284e-05,1553804370.0
2022-01-19 17:00:00,9.288e-05,9.377e-05,9.27e-05,9.357e-05,1346557825.0
2022-01-19 18:00:00,9.34e-05,9.382e-05,9.286e-05,9.346e-05,875766590.0
2022-01-19 19:00:00,9.346e-05,9.349e-05,9.288e-05,9.339e-05,715045912.0
2022-01-19 20:00:00,9.337e-05,9.34e-05,9.25e-05,9.26e-05,631829622.0
2022-01-19 21:00:00,9.26e-05,9.338e-05,9.26e-05,9.273e-05,1480497364.0
2022-01-19 22:00:00,9.269e-05,9.347e-05,9.225e-05,9.326e-05,1026323844.0
2022-01-19 23:00:00,9.324e-05,9.324e-05,9.218e-05,9.227e-05,965127548.0
2022-01-20 00:00:00,9.233e-05,9.276e-05,9.197e-05,9.227e-05,1264867394.0
2022-01-20 01:00:00,9.228e-05,9.244e-05,9.15e-05,9.238e-05,1528033895.0
2022-01-20 02:00:00,9.244e-05,9.348e-05,9.243e-05,9.322e-05,833140734.0
2022-01-20 03:00:00,9.327e-05,9.337e-05,9.275e-05,9.312e-05,1318813219.0
2022-01-20 04:00:00,9.319e-05,9.332e-05,9.254e-05,9.282e-05,1474106983.0
2022-01-20 05:00:00,9.269e-05,9.312e-05,9.205e-05,9.237e-05,1971399065.0
2022-01-20 06:00:00,9.237e-05,9.336e-05,9.237e-05,9.314e-05,1298717509.0
2022-01-20 07:00:00,9.323e-05,9.338e-05,9.272e-05,9.325e-05,932764203.0
2022-01-20 08:00:00,9.332e-05,9.358e-05,9.307e-05,9.348e-05,633213156.0
2022-01-20 09:00:00,9.348e-05,9.384e-05,9.311e-05,9.379e-05,859087768.0
2022-01-20 10:00:00,9.373e-05,9.387e-05,9.318e-05,9.346e-05,1181366274.0
2022-01-20 11:00:00,9.346e-05,9.365e-05,9.279e-05,9.301e-05,2826809902.0
2022-01-20 12:00:00,9.292e-05,9.313e-05,9.236e-05,9.269e-05,1739931125.0
2022-01-20 13:00:00,9.269e-05,9.417e-05,9.264e-05,9.397e-05,1293133123.0
2022-01-20 14:00:00,9.404e-05,9.558e-05,9.384e-05,9.541e-05,2022833115.0
2022-01-20 15:00:00,9.545e-05,9.721e-05,9.492e-05,9.643e-05,5222597349.0
2022-01-20 16:00:00,9.637e-05,9.647e-05,9.598e-05,9.611e-05,1842601339.0
2022-01-20 17:00:00,9.611e-05,9.616e-05,9.515e-05,9.518e-05,1696040302.0
2022-01-20 18:00:00,9.524e-05,9.562e-05,9.5e-05,9.515e-05,749395647.0
2022-01-20 19:00:00,9.521e-05,9.58e-05,9.492e-05,9.515e-05,800644103.0
2022-01-20 20:00:00,9.515e-05,9.533e-05,9.479e-05,9.498e-05,755765879.0
2022-01-20 21:00:00,9.5e-05,9.506e-05,9.137e-05,9.147e-05,3429424164.0
2022-01-20 22:00:00,9.137e-05,9.271e-05,9.028e-05,9.124e-05,3081666793.0
2022-01-20 23:00:00,9.124e-05,9.141e-05,9e-05,9.053e-05,2490784935.0
2022-01-21 00:00:00,9.056e-05,9.165e-05,8.9e-05,9.06e-05,3043534853.0
2022-01-21 01:00:00,9.056e-05,9.065e-05,8.577e-05,8.593e-05,6122376320.0
2022-01-21 02:00:00,8.588e-05,8.805e-05,8.549e-05,8.657e-05,6696636029.0
2022-01-21 03:00:00,8.651e-05,8.686e-05,8.342e-05,8.467e-05,5699547987.0
2022-01-21 04:00:00,8.467e-05,8.622e-05,8.455e-05,8.532e-05,3294117877.0
2022-01-21 05:00:00,8.53e-05,8.665e-05,8.482e-05,8.643e-05,1695396769.0
2022-01-21 06:00:00,8.643e-05,8.68e-05,8.581e-05,8.588e-05,2685877567.0
2022-01-21 07:00:00,8.582e-05,8.7e-05,8.536e-05,8.69e-05,2339753820.0
2022-01-21 08:00:00,8.699e-05,8.759e-05,8.628e-05,8.656e-05,2542494717.0
2022-01-21 09:00:00,8.665e-05,8.669e-05,8.573e-05,8.583e-05,2541796146.0
2022-01-21 10:00:00,8.577e-05,8.666e-05,8.551e-05,8.646e-05,1243971263.0
2022-01-21 11:00:00,8.646e-05,8.666e-05,8.528e-05,8.606e-05,2561408762.0
2022-01-21 12:00:00,8.595e-05,8.619e-05,8.25e-05,8.38e-05,5725310272.0
2022-01-21 13:00:00,8.389e-05,8.578e-05,8.356e-05,8.497e-05,3077623957.0
2022-01-21 14:00:00,8.497e-05,8.584e-05,8.421e-05,8.483e-05,2482094110.0
2022-01-21 15:00:00,8.488e-05,8.635e-05,8.41e-05,8.595e-05,4308136851.0
2022-01-21 16:00:00,8.597e-05,8.655e-05,8.51e-05,8.573e-05,1695884926.0
2022-01-21 17:00:00,8.578e-05,8.595e-05,8.47e-05,8.509e-05,1192087134.0
2022-01-21 18:00:00,8.506e-05,8.558e-05,8.347e-05,8.423e-05,2404055626.0
2022-01-21 19:00:00,8.415e-05,8.482e-05,8.343e-05,8.343e-05,2498735550.0
2022-01-21 20:00:00,8.345e-05,8.403e-05,8.21e-05,8.379e-05,4968132786.0
2022-01-21 21:00:00,8.386e-05,8.438e-05,7.625e-05,7.871e-05,12147597375.0
2022-01-21 22:00:00,7.87e-05,8.002e-05,7.72e-05,7.924e-05,6191253061.0
2022-01-21 23:00:00,7.923e-05,8.098e-05,7.719e-05,7.968e-05,4983047317.0
2022-01-22 00:00:00,7.973e-05,8.099e-05,7.858e-05,7.986e-05,4958674511.0
2022-01-22 01:00:00,7.995e-05,8.127e-05,7.938e-05,8.091e-05,4683646930.0
2022-01-22 02:00:00,8.093e-05,8.109e-05,7.929e-05,7.994e-05,2572256765.0
2022-01-22 03:00:00,7.993e-05,8.086e-05,7.807e-05,7.92e-05,3507378204.0
2022-01-22 04:00:00,7.92e-05,7.962e-05,7.833e-05,7.893e-05,2069471194.0
2022-01-22 05:00:00,7.892e-05,7.894e-05,7.277e-05,7.386e-05,7909275881.0
2022-01-22 06:00:00,7.383e-05,7.487e-05,7.125e-05,7.308e-05,10060545550.0
2022-01-22 07:00:00,7.309e-05,7.376e-05,7e-05,7.175e-05,14441646260.0
2022-01-22 08:00:00,7.168e-05,7.404e-05,7.156e-05,7.243e-05,6112225104.0
2022-01-22 09:00:00,7.243e-05,7.364e-05,6.717e-05,6.853e-05,16704352537.0
2022-01-22 10:00:00,6.841e-05,7.174e-05,6.428e-05,6.985e-05,25287454623.0
2022-01-22 11:00:00,6.991e-05,7.071e-05,6.842e-05,7.004e-05,9854752351.0
2022-01-22 12:00:00,7.009e-05,7.284e-05,6.991e-05,7.251e-05,8050778348.0
2022-01-22 13:00:00,7.24e-05,7.351e-05,7.09e-05,7.114e-05,9695645225.0
2022-01-22 14:00:00,7.116e-05,7.137e-05,6.918e-05,6.93e-05,8446015225.0
2022-01-22 15:00:00,6.93e-05,6.986e-05,6.743e-05,6.762e-05,7601462211.0
2022-01-22 16:00:00,6.762e-05,7.058e-05,6.658e-05,6.923e-05,6977196820.0
2022-01-22 17:00:00,6.92e-05,6.973e-05,6.752e-05,6.792e-05,8412488848.0
2022-01-22 18:00:00,6.802e-05,6.875e-05,6.686e-05,6.701e-05,5491071250.0
2022-01-22 19:00:00,6.716e-05,6.833e-05,6.617e-05,6.705e-05,6438535402.0
2022-01-22 20:00:00,6.705e-05,6.933e-05,6.659e-05,6.903e-05,8650659164.0
2022-01-22 21:00:00,6.903e-05,6.95e-05,6.779e-05,6.904e-05,5685874184.0
2022-01-22 22:00:00,6.885e-05,6.888e-05,6.652e-05,6.707e-05,3371727718.0
2022-01-22 23:00:00,6.707e-05,6.84e-05,6.661e-05,6.839e-05,3028684018.0
2022-01-23 00:00:00,6.836e-05,7.042e-05,6.772e-05,7.03e-05,7263132313.0
2022-01-23 01:00:00,7.039e-05,7.129e-05,6.985e-05,7.081e-05,5300166005.0
2022-01-23 02:00:00,7.084e-05,7.088e-05,6.832e-05,6.857e-05,4635054857.0
2022-01-23 03:00:00,6.857e-05,7.038e-05,6.849e-05,7.004e-05,2753752970.0
2022-01-23 04:00:00,7.003e-05,7.168e-05,6.97e-05,7.105e-05,4090137212.0
2022-01-23 05:00:00,7.113e-05,7.259e-05,6.977e-05,7.242e-05,2681988390.0
2022-01-23 06:00:00,7.237e-05,7.246e-05,7.161e-05,7.192e-05,2039040358.0
2022-01-23 07:00:00,7.18e-05,7.377e-05,7.18e-05,7.344e-05,2226258238.0
2022-01-23 08:00:00,7.341e-05,7.397e-05,7.277e-05,7.387e-05,2194674598.0
2022-01-23 09:00:00,7.397e-05,7.533e-05,7.376e-05,7.444e-05,3075640791.0
2022-01-23 10:00:00,7.457e-05,7.472e-05,7.383e-05,7.455e-05,2498789352.0
2022-01-23 11:00:00,7.459e-05,7.46e-05,7.273e-05,7.296e-05,3385434875.0
2022-01-23 12:00:00,7.293e-05,7.332e-05,7.216e-05,7.307e-05,1988567149.0
2022-01-23 13:00:00,7.314e-05,7.419e-05,7.278e-05,7.407e-05,1320766531.0
2022-01-23 14:00:00,7.41e-05,7.45e-05,7.036e-05,7.214e-05,4054624918.0
2022-01-23 15:00:00,7.203e-05,7.225e-05,7.073e-05,7.18e-05,1770565366.0
2022-01-23 16:00:00,7.18e-05,7.311e-05,7.133e-05,7.197e-05,3601931542.0
2022-01-23 17:00:00,7.19e-05,7.3e-05,7.19e-05,7.23e-05,1747434381.0
2022-01-23 18:00:00,7.225e-05,7.252e-05,7.133e-05,7.188e-05,4357683446.0
2022-01-23 19:00:00,7.181e-05,7.317e-05,7.091e-05,7.125e-05,2716071793.0
2022-01-23 20:00:00,7.118e-05,7.235e-05,7.096e-05,7.193e-05,2212897804.0
2022-01-23 21:00:00,7.195e-05,7.277e-05,7.123e-05,7.19e-05,1997909955.0
2022-01-23 22:00:00,7.203e-05,7.237e-05,7.135e-05,7.229e-05,1436861182.0
2022-01-23 23:00:00,7.233e-05,7.482e-05,7.195e-05,7.477e-05,4513451832.0
2022-01-24 00:00:00,7.469e-05,7.469e-05,7.296e-05,7.326e-05,2299665943.0
2022-01-24 01:00:00,7.328e-05,7.382e-05,7.248e-05,7.261e-05,1177282001.0
2022-01-24 02:00:00,7.261e-05,7.48e-05,7.202e-05,7.213e-05,6696093058.0
2022-01-24 03:00:00,7.202e-05,7.296e-05,7.16e-05,7.274e-05,1576355864.0
2022-01-24 04:00:00,7.264e-05,7.296e-05,7.195e-05,7.206e-05,2887158817.0
2022-01-24 05:00:00,7.212e-05,7.213e-05,7.1e-05,7.174e-05,4317403197.0
2022-01-24 06:00:00,7.174e-05,7.497e-05,7.1e-05,7.17e-05,12599088437.0
2022-01-24 07:00:00,7.17e-05,7.171e-05,6.944e-05,6.974e-05,8588188090.0
2022-01-24 08:00:00,6.987e-05,7.166e-05,6.941e-05,7.009e-05,7258680259.0
2022-01-24 09:00:00,7.009e-05,7.049e-05,6.802e-05,6.814e-05,7593463343.0
2022-01-24 10:00:00,6.827e-05,6.865e-05,6.494e-05,6.494e-05,12161660853.0
2022-01-24 11:00:00,6.494e-05,6.755e-05,6.449e-05,6.564e-05,5776504534.0
2022-01-24 12:00:00,6.563e-05,6.593e-05,6.33e-05,6.418e-05,6500044859.0
2022-01-24 13:00:00,6.421e-05,6.546e-05,6.387e-05,6.465e-05,5287208195.0
2022-01-24 14:00:00,6.46e-05,6.724e-05,6.419e-05,6.601e-05,4851801587.0
2022-01-24 15:00:00,6.604e-05,6.839e-05,6.45e-05,6.8e-05,6343416888.0
2022-01-24 16:00:00,6.809e-05,6.84e-05,6.571e-05,6.691e-05,4690483196.0
2022-01-24 17:00:00,6.692e-05,6.876e-05,6.551e-05,6.846e-05,4234850822.0
2022-01-24 18:00:00,6.849e-05,7.124e-05,6.801e-05,7.061e-05,5341230928.0
2022-01-24 19:00:00,7.061e-05,7.106e-05,6.912e-05,7.036e-05,3491069435.0
2022-01-24 20:00:00,7.028e-05,7.399e-05,7.026e-05,7.346e-05,4609473656.0
2022-01-24 21:00:00,7.339e-05,7.351e-05,7.214e-05,7.253e-05,4013535166.0
2022-01-24 22:00:00,7.247e-05,7.262e-05,7.138e-05,7.176e-05,3591857507.0
2022-01-24 23:00:00,7.182e-05,7.241e-05,7.147e-05,7.195e-05,3405649669.0
2022-01-25 00:00:00,7.195e-05,7.197e-05,6.948e-05,6.97e-05,6016075573.0
2022-01-25 01:00:00,6.984e-05,7.045e-05,6.947e-05,6.984e-05,2588577399.0
2022-01-25 02:00:00,6.986e-05,7.105e-05,6.964e-05,7.097e-05,2903168066.0
2022-01-25 03:00:00,7.099e-05,7.137e-05,7.029e-05,7.111e-05,2154713102.0
2022-01-25 04:00:00,7.111e-05,7.143e-05,6.979e-05,7e-05,1996348467.0
2022-01-25 05:00:00,6.999e-05,7.046e-05,6.96e-05,7.035e-05,1373318040.0
2022-01-25 06:00:00,7.026e-05,7.045e-05,6.908e-05,6.919e-05,1841274672.0
2022-01-25 07:00:00,6.919e-05,6.995e-05,6.857e-05,6.995e-05,2583939312.0
2022-01-25 08:00:00,6.986e-05,7.085e-05,6.963e-05,6.985e-05,2134944329.0
2022-01-25 09:00:00,6.981e-05,7.098e-05,6.946e-05,7.06e-05,3303197970.0
2022-01-25 10:00:00,7.06e-05,7.176e-05,7.047e-05,7.073e-05,2323109982.0
2022-01-25 11:00:00,7.075e-05,7.105e-05,7.002e-05,7.029e-05,1523731823.0
2022-01-25 12:00:00,7.029e-05,7.105e-05,6.973e-05,7.05e-05,2032079348.0
2022-01-25 13:00:00,7.05e-05,7.075e-05,6.964e-05,7.02e-05,3042009540.0
2022-01-25 14:00:00,7.012e-05,7.13e-05,6.954e-05,6.954e-05,6315909172.0
2022-01-25 15:00:00,6.963e-05,7.071e-05,6.882e-05,6.998e-05,3777355877.0
2022-01-25 16:00:00,6.993e-05,7.156e-05,6.991e-05,7.1e-05,3714069585.0
2022-01-25 17:00:00,7.107e-05,7.252e-05,7.087e-05,7.17e-05,2821941252.0
2022-01-25 18:00:00,7.174e-05,7.239e-05,7.133e-05,7.234e-05,1056368245.0
2022-01-25 19:00:00,7.234e-05,7.238e-05,7.154e-05,7.201e-05,2354029814.0
2022-01-25 20:00:00,7.2e-05,7.209e-05,7.092e-05,7.14e-05,3471805584.0
2022-01-25 21:00:00,7.131e-05,7.134e-05,7.037e-05,7.091e-05,1741182714.0
2022-01-25 22:00:00,7.091e-05,7.167e-05,7.069e-05,7.163e-05,1277462950.0
2022-01-25 23:00:00,7.158e-05,7.24e-05,7.143e-05,7.213e-05,2145726554.0
2022-01-26 00:00:00,7.205e-05,7.214e-05,7.095e-05,7.135e-05,1289921707.0
2022-01-26 01:00:00,7.139e-05,7.199e-05,7.13e-05,7.189e-05,1471606406.0
2022-01-26 02:00:00,7.189e-05,7.24e-05,7.164e-05,7.18e-05,774673486.0
2022-01-26 03:00:00,7.179e-05,7.327e-05,7.174e-05,7.288e-05,2352447079.0
2022-01-26 04:00:00,7.288e-05,7.499e-05,7.285e-05,7.489e-05,3155601689.0
2022-01-26 05:00:00,7.482e-05,7.482e-05,7.38e-05,7.415e-05,1634225875.0
2022-01-26 06:00:00,7.428e-05,7.45e-05,7.313e-05,7.337e-05,1148179301.0
2022-01-26 07:00:00,7.343e-05,7.369e-05,7.324e-05,7.347e-05,1771570655.0
2022-01-26 08:00:00,7.343e-05,7.411e-05,7.339e-05,7.407e-05,2867957646.0
2022-01-26 09:00:00,7.396e-05,7.441e-05,7.328e-05,7.36e-05,1449967510.0
2022-01-26 10:00:00,7.358e-05,7.438e-05,7.33e-05,7.41e-05,1402228617.0
2022-01-26 11:00:00,7.416e-05,7.456e-05,7.374e-05,7.41e-05,1259990689.0
2022-01-26 12:00:00,7.412e-05,7.425e-05,7.354e-05,7.364e-05,1182693573.0
2022-01-26 13:00:00,7.375e-05,7.496e-05,7.351e-05,7.467e-05,2149813792.0
2022-01-26 14:00:00,7.467e-05,7.614e-05,7.463e-05,7.556e-05,5863294099.0
2022-01-26 15:00:00,7.541e-05,7.583e-05,7.427e-05,7.472e-05,2375088640.0
2022-01-26 16:00:00,7.481e-05,7.514e-05,7.403e-05,7.452e-05,2705317704.0
2022-01-26 17:00:00,7.463e-05,7.508e-05,7.391e-05,7.394e-05,1198121010.0
2022-01-26 18:00:00,7.398e-05,7.441e-05,7.217e-05,7.394e-05,4654327370.0
2022-01-26 19:00:00,7.383e-05,7.719e-05,7.329e-05,7.385e-05,8548982891.0
2022-01-26 20:00:00,7.383e-05,7.388e-05,7.085e-05,7.168e-05,5045797124.0
2022-01-26 21:00:00,7.168e-05,7.214e-05,6.96e-05,6.96e-05,2564666633.0
2022-01-26 22:00:00,6.96e-05,7.076e-05,6.94e-05,7.074e-05,1899554737.0
2022-01-26 23:00:00,7.074e-05,7.232e-05,7.062e-05,7.183e-05,2123550293.0
2022-01-27 00:00:00,7.169e-05,7.274e-05,7.138e-05,7.257e-05,1453384099.0
2022-01-27 01:00:00,7.246e-05,7.256e-05,6.952e-05,6.952e-05,4349687736.0
2022-01-27 02:00:00,6.955e-05,6.972e-05,6.859e-05,6.932e-05,2495182960.0
2022-01-27 03:00:00,6.934e-05,7.02e-05,6.812e-05,6.852e-05,1750918976.0
2022-01-27 04:00:00,6.852e-05,6.922e-05,6.843e-05,6.896e-05,1166571485.0
2022-01-27 05:00:00,6.9e-05,6.943e-05,6.86e-05,6.894e-05,1314818117.0
2022-01-27 06:00:00,6.886e-05,6.951e-05,6.863e-05,6.947e-05,1510169763.0
2022-01-27 07:00:00,6.947e-05,6.984e-05,6.896e-05,6.941e-05,1342397929.0
2022-01-27 08:00:00,6.941e-05,7.034e-05,6.852e-05,7.014e-05,2092148399.0
2022-01-27 09:00:00,7.019e-05,7.06e-05,6.991e-05,7.043e-05,1207452087.0
2022-01-27 10:00:00,7.043e-05,7.069e-05,6.967e-05,6.973e-05,1233670572.0
2022-01-27 11:00:00,6.986e-05,7.088e-05,6.986e-05,7.069e-05,1740779891.0
2022-01-27 12:00:00,7.078e-05,7.102e-05,7.046e-05,7.078e-05,2958324784.0
2022-01-27 13:00:00,7.073e-05,7.167e-05,7.067e-05,7.142e-05,2347168358.0
2022-01-27 14:00:00,7.159e-05,7.201e-05,7.08e-05,7.133e-05,3284219112.0
2022-01-27 15:00:00,7.138e-05,7.175e-05,7.004e-05,7.021e-05,4124615809.0
2022-01-27 16:00:00,7.021e-05,7.05e-05,6.913e-05,6.992e-05,4428526852.0
2022-01-27 17:00:00,6.992e-05,7.012e-05,6.873e-05,6.923e-05,1236593067.0
2022-01-27 18:00:00,6.923e-05,6.945e-05,6.855e-05,6.934e-05,2352879672.0
2022-01-27 19:00:00,6.934e-05,6.969e-05,6.8e-05,6.88e-05,2765360688.0
2022-01-27 20:00:00,6.879e-05,6.986e-05,6.73e-05,6.734e-05,5876220297.0
2022-01-27 21:00:00,6.742e-05,6.851e-05,6.711e-05,6.819e-05,1439332243.0
2022-01-27 22:00:00,6.811e-05,6.999e-05,6.753e-05,6.943e-05,3458288895.0
2022-01-27 23:00:00,6.944e-05,7.037e-05,6.892e-05,7.022e-05,1655540414.0
2022-01-28 00:00:00,7.014e-05,7.139e-05,6.98e-05,7.084e-05,1409512646.0
2022-01-28 01:00:00,7.079e-05,7.152e-05,6.941e-05,7.022e-05,1368499313.0
2022-01-28 02:00:00,7.015e-05,7.063e-05,6.918e-05,7.043e-05,2029380345.0
2022-01-28 03:00:00,7.048e-05,7.269e-05,7.015e-05,7.056e-05,16403809323.0
2022-01-28 04:00:00,7.064e-05,7.098e-05,6.946e-05,6.988e-05,6366773305.0
2022-01-28 05:00:00,6.987e-05,7.084e-05,6.985e-05,7.039e-05,1360837869.0
2022-01-28 06:00:00,7.039e-05,7.108e-05,6.987e-05,6.999e-05,1540386320.0
2022-01-28 07:00:00,7e-05,7.042e-05,6.9e-05,6.901e-05,1743950112.0
2022-01-28 08:00:00,6.901e-05,6.95e-05,6.829e-05,6.927e-05,1911312211.0
2022-01-28 09:00:00,6.938e-05,7.016e-05,6.907e-05,6.966e-05,3670340236.0
2022-01-28 10:00:00,6.966e-05,7.063e-05,6.92e-05,7.057e-05,4307348261.0
2022-01-28 11:00:00,7.056e-05,7.069e-05,6.962e-05,7.017e-05,2314652760.0
2022-01-28 12:00:00,7.021e-05,7.035e-05,6.931e-05,6.985e-05,1884201956.0
2022-01-28 13:00:00,6.996e-05,7.15e-05,6.972e-05,7.125e-05,2588963260.0
2022-01-28 14:00:00,7.115e-05,7.134e-05,7.046e-05,7.085e-05,2523924805.0
2022-01-28 15:00:00,7.073e-05,7.185e-05,7.058e-05,7.149e-05,2225697575.0
2022-01-28 16:00:00,7.167e-05,7.214e-05,7.142e-05,7.165e-05,1477539681.0
2022-01-28 17:00:00,7.165e-05,7.181e-05,7.088e-05,7.117e-05,1626929434.0
2022-01-28 18:00:00,7.117e-05,7.202e-05,7.105e-05,7.2e-05,1924207241.0
2022-01-28 19:00:00,7.2e-05,7.227e-05,7.136e-05,7.212e-05,1305065198.0
2022-01-28 20:00:00,7.215e-05,7.278e-05,7.163e-05,7.265e-05,1257077609.0
2022-01-28 21:00:00,7.261e-05,7.317e-05,7.243e-05,7.259e-05,2181044532.0
2022-01-28 22:00:00,7.258e-05,7.297e-05,7.224e-05,7.234e-05,834375606.0
2022-01-28 23:00:00,7.225e-05,7.289e-05,7.207e-05,7.277e-05,979982871.0
2022-01-29 00:00:00,7.277e-05,7.349e-05,7.258e-05,7.284e-05,1455590988.0
2022-01-29 01:00:00,7.294e-05,7.297e-05,7.205e-05,7.225e-05,1296010748.0
2022-01-29 02:00:00,7.226e-05,7.27e-05,7.214e-05,7.23e-05,1142457740.0
2022-01-29 03:00:00,7.23e-05,7.596e-05,7.228e-05,7.486e-05,11875023065.0
2022-01-29 04:00:00,7.494e-05,7.641e-05,7.355e-05,7.476e-05,10855854923.0
2022-01-29 05:00:00,7.476e-05,7.522e-05,7.448e-05,7.505e-05,2485608191.0
2022-01-29 06:00:00,7.511e-05,7.55e-05,7.49e-05,7.518e-05,991920421.0
2022-01-29 07:00:00,7.519e-05,7.718e-05,7.508e-05,7.666e-05,6603650442.0
2022-01-29 08:00:00,7.665e-05,7.681e-05,7.598e-05,7.612e-05,2504898512.0
2022-01-29 09:00:00,7.613e-05,7.628e-05,7.489e-05,7.499e-05,2290153816.0
2022-01-29 10:00:00,7.499e-05,7.526e-05,7.465e-05,7.518e-05,2206462563.0
2022-01-29 11:00:00,7.513e-05,7.548e-05,7.485e-05,7.548e-05,1332277098.0
2022-01-29 12:00:00,7.547e-05,7.639e-05,7.53e-05,7.606e-05,4179940740.0
2022-01-29 13:00:00,7.605e-05,7.661e-05,7.561e-05,7.639e-05,2297209900.0
2022-01-29 14:00:00,7.63e-05,7.644e-05,7.482e-05,7.535e-05,2505835214.0
2022-01-29 15:00:00,7.523e-05,7.624e-05,7.468e-05,7.608e-05,2348586225.0
2022-01-29 16:00:00,7.6e-05,7.635e-05,7.504e-05,7.609e-05,1367697341.0
2022-01-29 17:00:00,7.609e-05,7.652e-05,7.546e-05,7.569e-05,5521548143.0
2022-01-29 18:00:00,7.578e-05,7.66e-05,7.569e-05,7.628e-05,1555815298.0
2022-01-29 19:00:00,7.621e-05,7.678e-05,7.589e-05,7.604e-05,1631897157.0
2022-01-29 20:00:00,7.605e-05,7.726e-05,7.591e-05,7.658e-05,2221469860.0
2022-01-29 21:00:00,7.665e-05,7.74e-05,7.653e-05,7.653e-05,1592664694.0
2022-01-29 22:00:00,7.665e-05,7.706e-05,7.604e-05,7.689e-05,1485201333.0
2022-01-29 23:00:00,7.689e-05,7.712e-05,7.58e-05,7.692e-05,1803062517.0
2022-01-30 00:00:00,7.688e-05,7.697e-05,7.475e-05,7.511e-05,2914766047.0
2022-01-30 01:00:00,7.518e-05,7.659e-05,7.515e-05,7.659e-05,2475434585.0
2022-01-30 02:00:00,7.648e-05,7.712e-05,7.607e-05,7.666e-05,1813547654.0
2022-01-30 03:00:00,7.677e-05,7.699e-05,7.643e-05,7.658e-05,1200568882.0
2022-01-30 04:00:00,7.659e-05,7.687e-05,7.614e-05,7.686e-05,974381006.0
2022-01-30 05:00:00,7.68e-05,7.704e-05,7.636e-05,7.638e-05,2040354268.0
2022-01-30 06:00:00,7.639e-05,7.647e-05,7.596e-05,7.634e-05,1014282649.0
2022-01-30 07:00:00,7.633e-05,7.669e-05,7.597e-05,7.651e-05,1917500485.0
2022-01-30 08:00:00,7.652e-05,7.674e-05,7.544e-05,7.556e-05,1973884183.0
2022-01-30 09:00:00,7.556e-05,7.595e-05,7.53e-05,7.554e-05,1576367156.0
2022-01-30 10:00:00,7.554e-05,7.641e-05,7.55e-05,7.63e-05,1428860808.0
2022-01-30 11:00:00,7.636e-05,7.649e-05,7.58e-05,7.618e-05,3322411969.0
2022-01-30 12:00:00,7.61e-05,7.633e-05,7.536e-05,7.569e-05,1762912024.0
2022-01-30 13:00:00,7.563e-05,7.6e-05,7.531e-05,7.584e-05,800869285.0
2022-01-30 14:00:00,7.584e-05,7.607e-05,7.469e-05,7.521e-05,2748149588.0
2022-01-30 15:00:00,7.522e-05,7.619e-05,7.519e-05,7.578e-05,1634346534.0
2022-01-30 16:00:00,7.591e-05,7.622e-05,7.517e-05,7.535e-05,1549524098.0
2022-01-30 17:00:00,7.535e-05,7.625e-05,7.502e-05,7.625e-05,1091901694.0
2022-01-30 18:00:00,7.623e-05,7.665e-05,7.561e-05,7.584e-05,1555174595.0
2022-01-30 19:00:00,7.584e-05,7.584e-05,7.406e-05,7.433e-05,3946187765.0
2022-01-30 20:00:00,7.433e-05,7.49e-05,7.382e-05,7.451e-05,1349856035.0
2022-01-30 21:00:00,7.447e-05,7.462e-05,7.372e-05,7.403e-05,1267580794.0
2022-01-30 22:00:00,7.403e-05,7.464e-05,7.385e-05,7.456e-05,546374636.0
2022-01-30 23:00:00,7.468e-05,7.601e-05,7.468e-05,7.524e-05,1848922969.0
2022-01-31 00:00:00,7.528e-05,7.842e-05,7.304e-05,7.311e-05,12008747487.0
2022-01-31 01:00:00,7.314e-05,7.417e-05,7.269e-05,7.301e-05,1369184470.0
2022-01-31 02:00:00,7.288e-05,7.332e-05,7.2e-05,7.32e-05,1652954453.0
2022-01-31 03:00:00,7.3e-05,7.347e-05,7.266e-05,7.31e-05,1155773170.0
2022-01-31 04:00:00,7.308e-05,7.318e-05,7.237e-05,7.304e-05,1106672120.0
2022-01-31 05:00:00,7.304e-05,7.355e-05,7.266e-05,7.344e-05,1035418431.0
2022-01-31 06:00:00,7.343e-05,7.372e-05,7.324e-05,7.344e-05,1529029917.0
2022-01-31 07:00:00,7.331e-05,7.438e-05,7.331e-05,7.4e-05,2254158911.0
2022-01-31 08:00:00,7.4e-05,7.446e-05,7.396e-05,7.412e-05,902365565.0
2022-01-31 09:00:00,7.414e-05,7.492e-05,7.382e-05,7.481e-05,735881516.0
2022-01-31 10:00:00,7.481e-05,7.483e-05,7.427e-05,7.455e-05,1405894690.0
2022-01-31 11:00:00,7.455e-05,7.459e-05,7.314e-05,7.42e-05,1316891753.0
2022-01-31 12:00:00,7.432e-05,7.475e-05,7.341e-05,7.4e-05,1524234404.0
2022-01-31 13:00:00,7.406e-05,7.45e-05,7.347e-05,7.435e-05,924805543.0
2022-01-31 14:00:00,7.43e-05,7.513e-05,7.404e-05,7.513e-05,1147946833.0
2022-01-31 15:00:00,7.511e-05,7.605e-05,7.507e-05,7.538e-05,3276113737.0
2022-01-31 16:00:00,7.547e-05,7.653e-05,7.515e-05,7.629e-05,1999644848.0
2022-01-31 17:00:00,7.629e-05,7.693e-05,7.598e-05,7.685e-05,2260635396.0
2022-01-31 18:00:00,7.679e-05,7.743e-05,7.638e-05,7.692e-05,1519626979.0
2022-01-31 19:00:00,7.701e-05,7.833e-05,7.693e-05,7.719e-05,4655223484.0
2022-01-31 20:00:00,7.723e-05,7.747e-05,7.621e-05,7.637e-05,3777612939.0
2022-01-31 21:00:00,7.633e-05,7.646e-05,7.588e-05,7.605e-05,1371685637.0
2022-01-31 22:00:00,7.606e-05,7.643e-05,7.6e-05,7.608e-05,1834689464.0
2022-01-31 23:00:00,7.61e-05,7.648e-05,7.606e-05,7.633e-05,884151118.0
2022-02-01 00:00:00,7.635e-05,7.727e-05,7.61e-05,7.672e-05,2285207606.0
2022-02-01 01:00:00,7.674e-05,7.693e-05,7.605e-05,7.642e-05,1061406548.0
2022-02-01 02:00:00,7.642e-05,7.694e-05,7.612e-05,7.689e-05,864343325.0
2022-02-01 03:00:00,7.689e-05,7.717e-05,7.639e-05,7.677e-05,1811120759.0
2022-02-01 04:00:00,7.676e-05,7.698e-05,7.637e-05,7.67e-05,1139584336.0
2022-02-01 05:00:00,7.66e-05,7.68e-05,7.602e-05,7.611e-05,1166071922.0
2022-02-01 06:00:00,7.61e-05,7.628e-05,7.587e-05,7.622e-05,1361609801.0
2022-02-01 07:00:00,7.619e-05,7.651e-05,7.61e-05,7.647e-05,770224997.0
2022-02-01 08:00:00,7.647e-05,7.698e-05,7.636e-05,7.695e-05,1675243287.0
2022-02-01 09:00:00,7.689e-05,7.739e-05,7.56e-05,7.579e-05,3815860543.0
2022-02-01 10:00:00,7.586e-05,7.616e-05,7.523e-05,7.592e-05,1621471685.0
2022-02-01 11:00:00,7.583e-05,7.64e-05,7.57e-05,7.613e-05,722667073.0
2022-02-01 12:00:00,7.603e-05,7.667e-05,7.589e-05,7.64e-05,812060102.0
2022-02-01 13:00:00,7.641e-05,7.688e-05,7.587e-05,7.652e-05,997833183.0
2022-02-01 14:00:00,7.652e-05,7.688e-05,7.572e-05,7.648e-05,1704288475.0
2022-02-01 15:00:00,7.633e-05,7.657e-05,7.561e-05,7.648e-05,1225432936.0
2022-02-01 16:00:00,7.651e-05,7.767e-05,7.641e-05,7.739e-05,2041745608.0
2022-02-01 17:00:00,7.738e-05,7.761e-05,7.65e-05,7.701e-05,1936078092.0
2022-02-01 18:00:00,7.696e-05,7.7e-05,7.616e-05,7.634e-05,752848567.0
2022-02-01 19:00:00,7.638e-05,7.659e-05,7.6e-05,7.621e-05,969031668.0
2022-02-01 20:00:00,7.629e-05,7.716e-05,7.621e-05,7.653e-05,877192035.0
2022-02-01 21:00:00,7.667e-05,7.762e-05,7.666e-05,7.751e-05,1471834428.0
2022-02-01 22:00:00,7.756e-05,7.767e-05,7.683e-05,7.734e-05,1147905836.0
2022-02-01 23:00:00,7.737e-05,7.745e-05,7.7e-05,7.722e-05,512537971.0
2022-02-02 00:00:00,7.719e-05,7.75e-05,7.654e-05,7.705e-05,1052235872.0
2022-02-02 01:00:00,7.705e-05,7.787e-05,7.687e-05,7.738e-05,2466721026.0
2022-02-02 02:00:00,7.738e-05,7.8e-05,7.706e-05,7.771e-05,1181688417.0
2022-02-02 03:00:00,7.773e-05,7.872e-05,7.773e-05,7.81e-05,2003922648.0
2022-02-02 04:00:00,7.807e-05,7.858e-05,7.781e-05,7.85e-05,2153511271.0
2022-02-02 05:00:00,7.85e-05,8.118e-05,7.825e-05,7.925e-05,12748298207.0
2022-02-02 06:00:00,7.923e-05,8.081e-05,7.833e-05,7.94e-05,7263209236.0
2022-02-02 07:00:00,7.932e-05,8.076e-05,7.911e-05,8.005e-05,4188634796.0
2022-02-02 08:00:00,8.006e-05,8.079e-05,7.936e-05,8.065e-05,4822052973.0
2022-02-02 09:00:00,8.061e-05,8.199e-05,7.974e-05,8.136e-05,8350972192.0
2022-02-02 10:00:00,8.131e-05,8.185e-05,8.029e-05,8.185e-05,3220247066.0
2022-02-02 11:00:00,8.187e-05,8.2e-05,8.074e-05,8.076e-05,4897034575.0
2022-02-02 12:00:00,8.076e-05,8.126e-05,8.056e-05,8.102e-05,4501680584.0
2022-02-02 13:00:00,8.105e-05,8.118e-05,7.937e-05,7.975e-05,4736677213.0
2022-02-02 14:00:00,7.98e-05,8.031e-05,7.714e-05,7.797e-05,4288949089.0
2022-02-02 15:00:00,7.8e-05,8.075e-05,7.765e-05,7.814e-05,11217396427.0
2022-02-02 16:00:00,7.808e-05,7.826e-05,7.704e-05,7.814e-05,4656921360.0
2022-02-02 17:00:00,7.804e-05,7.94e-05,7.792e-05,7.92e-05,3113915422.0
2022-02-02 18:00:00,7.921e-05,8.065e-05,7.895e-05,7.921e-05,6996702640.0
2022-02-02 19:00:00,7.921e-05,7.965e-05,7.895e-05,7.933e-05,2064097125.0
2022-02-02 20:00:00,7.936e-05,8.023e-05,7.87e-05,7.916e-05,2888035375.0
2022-02-02 21:00:00,7.916e-05,7.947e-05,7.555e-05,7.635e-05,7977631686.0
2022-02-02 22:00:00,7.63e-05,7.678e-05,7.551e-05,7.64e-05,2700349265.0
2022-02-02 23:00:00,7.641e-05,7.689e-05,7.55e-05,7.582e-05,2537465818.0
2022-02-03 00:00:00,7.57e-05,7.747e-05,7.505e-05,7.657e-05,4029260389.0
2022-02-03 01:00:00,7.664e-05,7.698e-05,7.466e-05,7.52e-05,2670993680.0
2022-02-03 02:00:00,7.513e-05,7.618e-05,7.498e-05,7.606e-05,1513891903.0
2022-02-03 03:00:00,7.61e-05,7.649e-05,7.566e-05,7.577e-05,1753696577.0
2022-02-03 04:00:00,7.576e-05,7.72e-05,7.536e-05,7.597e-05,5231442725.0
2022-02-03 05:00:00,7.597e-05,7.654e-05,7.568e-05,7.654e-05,895025023.0
2022-02-03 06:00:00,7.648e-05,7.662e-05,7.62e-05,7.625e-05,1709559053.0
2022-02-03 07:00:00,7.628e-05,7.735e-05,7.625e-05,7.735e-05,2004302201.0
2022-02-03 08:00:00,7.73e-05,7.732e-05,7.663e-05,7.692e-05,2056210009.0
2022-02-03 09:00:00,7.692e-05,7.695e-05,7.537e-05,7.542e-05,1960498957.0
2022-02-03 10:00:00,7.54e-05,7.551e-05,7.32e-05,7.34e-05,5200434990.0
2022-02-03 11:00:00,7.34e-05,7.459e-05,7.329e-05,7.429e-05,2776903769.0
2022-02-03 12:00:00,7.437e-05,7.444e-05,7.301e-05,7.404e-05,2885065349.0
2022-02-03 13:00:00,7.4e-05,7.434e-05,7.332e-05,7.372e-05,2316892945.0
2022-02-03 14:00:00,7.373e-05,7.468e-05,7.356e-05,7.421e-05,4661189644.0
2022-02-03 15:00:00,7.411e-05,7.532e-05,7.4e-05,7.528e-05,1743560999.0
2022-02-03 16:00:00,7.527e-05,7.571e-05,7.463e-05,7.463e-05,1404041889.0
2022-02-03 17:00:00,7.461e-05,7.545e-05,7.42e-05,7.513e-05,1043155311.0
2022-02-03 18:00:00,7.513e-05,7.523e-05,7.458e-05,7.508e-05,636451532.0
2022-02-03 19:00:00,7.514e-05,7.518e-05,7.415e-05,7.443e-05,1167522319.0
2022-02-03 20:00:00,7.457e-05,7.497e-05,7.413e-05,7.444e-05,1094829660.0
2022-02-03 21:00:00,7.447e-05,7.654e-05,7.444e-05,7.62e-05,1983796154.0
2022-02-03 22:00:00,7.62e-05,7.664e-05,7.554e-05,7.593e-05,1477087975.0
2022-02-03 23:00:00,7.587e-05,7.649e-05,7.535e-05,7.64e-05,1192660738.0
2022-02-04 00:00:00,7.649e-05,7.67e-05,7.612e-05,7.639e-05,2133041674.0
2022-02-04 01:00:00,7.644e-05,7.653e-05,7.586e-05,7.605e-05,692267925.0
2022-02-04 02:00:00,7.605e-05,7.661e-05,7.602e-05,7.644e-05,1185666457.0
2022-02-04 03:00:00,7.644e-05,7.677e-05,7.625e-05,7.629e-05,1022874022.0
2022-02-04 04:00:00,7.635e-05,7.652e-05,7.592e-05,7.6e-05,763306500.0
2022-02-04 05:00:00,7.61e-05,7.723e-05,7.602e-05,7.711e-05,1779703300.0
2022-02-04 06:00:00,7.712e-05,7.811e-05,7.711e-05,7.781e-05,4441411600.0
2022-02-04 07:00:00,7.784e-05,7.995e-05,7.745e-05,7.833e-05,3373616975.0
2022-02-04 08:00:00,7.841e-05,7.995e-05,7.821e-05,7.943e-05,3775757137.0
2022-02-04 09:00:00,7.956e-05,7.986e-05,7.896e-05,7.93e-05,2107123004.0
2022-02-04 10:00:00,7.929e-05,7.986e-05,7.868e-05,7.899e-05,2653960418.0
2022-02-04 11:00:00,7.893e-05,7.922e-05,7.846e-05,7.86e-05,1547505580.0
2022-02-04 12:00:00,7.855e-05,7.89e-05,7.85e-05,7.865e-05,1586651216.0
2022-02-04 13:00:00,7.865e-05,7.908e-05,7.723e-05,7.756e-05,3119989573.0
2022-02-04 14:00:00,7.763e-05,7.893e-05,7.73e-05,7.865e-05,2217218375.0
2022-02-04 15:00:00,7.877e-05,8.095e-05,7.866e-05,8.04e-05,6587029992.0
2022-02-04 16:00:00,8.039e-05,8.2e-05,8.021e-05,8.125e-05,4408989387.0
2022-02-04 17:00:00,8.128e-05,8.222e-05,8.097e-05,8.174e-05,5800039523.0
2022-02-04 18:00:00,8.182e-05,8.209e-05,8.127e-05,8.18e-05,3159824204.0
2022-02-04 19:00:00,8.179e-05,8.301e-05,8.152e-05,8.258e-05,1933793055.0
2022-02-04 20:00:00,8.258e-05,8.285e-05,8.142e-05,8.165e-05,2270078562.0
2022-02-04 21:00:00,8.165e-05,8.286e-05,8.091e-05,8.184e-05,6454884734.0
2022-02-04 22:00:00,8.194e-05,8.194e-05,8.129e-05,8.135e-05,1353566507.0
2022-02-04 23:00:00,8.141e-05,8.298e-05,8.141e-05,8.267e-05,2544589328.0
2022-02-05 00:00:00,8.28e-05,8.359e-05,8.225e-05,8.26e-05,2995371425.0
2022-02-05 01:00:00,8.258e-05,8.289e-05,8.183e-05,8.24e-05,1535762922.0
2022-02-05 02:00:00,8.246e-05,8.444e-05,8.192e-05,8.403e-05,4305292711.0
2022-02-05 03:00:00,8.403e-05,8.428e-05,8.345e-05,8.409e-05,2084114135.0
2022-02-05 04:00:00,8.398e-05,8.474e-05,8.381e-05,8.452e-05,1941926196.0
2022-02-05 05:00:00,8.454e-05,8.562e-05,8.446e-05,8.523e-05,1796595795.0
2022-02-05 06:00:00,8.527e-05,8.736e-05,8.522e-05,8.524e-05,4164257516.0
2022-02-05 07:00:00,8.534e-05,8.535e-05,8.391e-05,8.408e-05,2246340644.0
2022-02-05 08:00:00,8.408e-05,8.525e-05,8.406e-05,8.461e-05,2182042506.0
2022-02-05 09:00:00,8.455e-05,8.479e-05,8.376e-05,8.441e-05,1721150463.0
2022-02-05 10:00:00,8.442e-05,8.474e-05,8.405e-05,8.446e-05,1285021064.0
2022-02-05 11:00:00,8.443e-05,8.468e-05,8.4e-05,8.425e-05,1641530086.0
2022-02-05 12:00:00,8.436e-05,8.475e-05,8.4e-05,8.401e-05,2211442577.0
2022-02-05 13:00:00,8.401e-05,8.556e-05,8.4e-05,8.503e-05,4116375937.0
2022-02-05 14:00:00,8.512e-05,8.544e-05,8.45e-05,8.468e-05,1534303695.0
2022-02-05 15:00:00,8.466e-05,8.516e-05,8.345e-05,8.497e-05,2007734038.0
2022-02-05 16:00:00,8.485e-05,8.5e-05,8.286e-05,8.309e-05,2225466133.0
2022-02-05 17:00:00,8.309e-05,8.439e-05,8.173e-05,8.419e-05,3029024076.0
2022-02-05 18:00:00,8.419e-05,8.442e-05,8.377e-05,8.4e-05,880279356.0
2022-02-05 19:00:00,8.399e-05,8.414e-05,8.305e-05,8.342e-05,717117564.0
2022-02-05 20:00:00,8.342e-05,8.373e-05,8.296e-05,8.365e-05,1279466381.0
2022-02-05 21:00:00,8.365e-05,8.481e-05,8.349e-05,8.432e-05,2912715480.0
2022-02-05 22:00:00,8.44e-05,8.495e-05,8.42e-05,8.479e-05,3241398280.0
2022-02-05 23:00:00,8.474e-05,8.485e-05,8.382e-05,8.39e-05,1601331628.0
2022-02-06 00:00:00,8.392e-05,8.5e-05,8.392e-05,8.484e-05,1880360825.0
2022-02-06 01:00:00,8.476e-05,8.807e-05,8.473e-05,8.728e-05,5060112555.0
2022-02-06 02:00:00,8.725e-05,8.726e-05,8.597e-05,8.626e-05,2248624021.0
2022-02-06 03:00:00,8.625e-05,8.63e-05,8.507e-05,8.512e-05,1215725457.0
2022-02-06 04:00:00,8.522e-05,8.583e-05,8.42e-05,8.574e-05,2078937532.0
2022-02-06 05:00:00,8.574e-05,8.577e-05,8.501e-05,8.551e-05,1148548326.0
2022-02-06 06:00:00,8.551e-05,8.556e-05,8.419e-05,8.443e-05,1198416391.0
2022-02-06 07:00:00,8.45e-05,8.495e-05,8.391e-05,8.485e-05,1708319845.0
2022-02-06 08:00:00,8.483e-05,8.568e-05,8.445e-05,8.556e-05,1415053663.0
2022-02-06 09:00:00,8.557e-05,8.595e-05,8.526e-05,8.593e-05,2099309151.0
2022-02-06 10:00:00,8.591e-05,8.6e-05,8.53e-05,8.56e-05,1423763396.0
2022-02-06 11:00:00,8.56e-05,8.564e-05,8.454e-05,8.48e-05,1263604702.0
2022-02-06 12:00:00,8.475e-05,8.504e-05,8.373e-05,8.415e-05,1757928353.0
2022-02-06 13:00:00,8.415e-05,8.445e-05,8.356e-05,8.423e-05,2305174109.0
2022-02-06 14:00:00,8.423e-05,8.528e-05,8.261e-05,8.323e-05,3545876056.0
2022-02-06 15:00:00,8.32e-05,8.395e-05,8.243e-05,8.392e-05,2847573759.0
2022-02-06 16:00:00,8.394e-05,8.49e-05,8.345e-05,8.483e-05,2339480921.0
2022-02-06 17:00:00,8.485e-05,8.512e-05,8.443e-05,8.48e-05,2014983876.0
2022-02-06 18:00:00,8.48e-05,8.489e-05,8.34e-05,8.357e-05,1563758709.0
2022-02-06 19:00:00,8.36e-05,8.446e-05,8.357e-05,8.417e-05,1356791266.0
2022-02-06 20:00:00,8.417e-05,8.5e-05,8.364e-05,8.404e-05,2445147829.0
2022-02-06 21:00:00,8.4e-05,8.492e-05,8.378e-05,8.406e-05,1248563824.0
2022-02-06 22:00:00,8.413e-05,8.432e-05,8.332e-05,8.366e-05,1938292621.0
2022-02-06 23:00:00,8.366e-05,8.615e-05,8.352e-05,8.613e-05,3561274303.0
2022-02-07 00:00:00,8.595e-05,8.621e-05,8.399e-05,8.453e-05,3404936133.0
2022-02-07 01:00:00,8.452e-05,8.556e-05,8.389e-05,8.53e-05,1987199006.0
2022-02-07 02:00:00,8.53e-05,8.727e-05,8.526e-05,8.647e-05,2521595353.0
2022-02-07 03:00:00,8.638e-05,9.027e-05,8.622e-05,8.773e-05,12820683140.0
2022-02-07 04:00:00,8.773e-05,8.843e-05,8.734e-05,8.801e-05,2977038172.0
2022-02-07 05:00:00,8.801e-05,8.881e-05,8.77e-05,8.804e-05,1966348907.0
2022-02-07 06:00:00,8.812e-05,8.943e-05,8.808e-05,8.897e-05,1641678817.0
2022-02-07 07:00:00,8.895e-05,8.971e-05,8.826e-05,8.87e-05,2812938501.0
2022-02-07 08:00:00,8.873e-05,8.918e-05,8.768e-05,8.849e-05,2294345845.0
2022-02-07 09:00:00,8.849e-05,8.849e-05,8.684e-05,8.744e-05,2313210197.0
2022-02-07 10:00:00,8.734e-05,8.838e-05,8.713e-05,8.817e-05,1679628780.0
2022-02-07 11:00:00,8.818e-05,8.849e-05,8.798e-05,8.83e-05,2239744847.0
2022-02-07 12:00:00,8.835e-05,8.913e-05,8.791e-05,8.885e-05,1753656805.0
2022-02-07 13:00:00,8.885e-05,8.918e-05,8.846e-05,8.902e-05,1983823063.0
2022-02-07 14:00:00,8.902e-05,8.996e-05,8.864e-05,8.97e-05,3596532719.0
2022-02-07 15:00:00,8.964e-05,9.02e-05,8.844e-05,9.009e-05,3972582163.0
2022-02-07 16:00:00,9.005e-05,9.111e-05,8.953e-05,9.032e-05,6376469560.0
2022-02-07 17:00:00,9.032e-05,9.258e-05,8.991e-05,9.105e-05,12413197452.0
2022-02-07 18:00:00,9.111e-05,9.149e-05,8.939e-05,8.996e-05,4533283059.0
2022-02-07 19:00:00,8.996e-05,9.123e-05,8.991e-05,9.101e-05,3116691261.0
2022-02-07 20:00:00,9.101e-05,9.148e-05,8.94e-05,9.03e-05,4354255497.0
2022-02-07 21:00:00,9.036e-05,9.1e-05,8.953e-05,9.027e-05,2605524506.0
2022-02-07 22:00:00,9.03e-05,9.097e-05,9.029e-05,9.065e-05,1491584285.0
2022-02-07 23:00:00,9.077e-05,9.099e-05,8.974e-05,9.007e-05,1667765205.0
2022-02-08 00:00:00,9.007e-05,9.148e-05,8.808e-05,9.086e-05,4160953268.0
2022-02-08 01:00:00,9.086e-05,9.564e-05,9.074e-05,9.355e-05,12394269894.0
2022-02-08 02:00:00,9.358e-05,9.49e-05,9.284e-05,9.323e-05,5101117288.0
2022-02-08 03:00:00,9.321e-05,9.469e-05,9.253e-05,9.438e-05,3208374943.0
2022-02-08 04:00:00,9.438e-05,0.00010175,9.427e-05,9.857e-05,33833512781.0
2022-02-08 05:00:00,9.862e-05,9.87e-05,9.701e-05,9.807e-05,7458240724.0
2022-02-08 06:00:00,9.817e-05,9.848e-05,9.449e-05,9.633e-05,8623678564.0
2022-02-08 07:00:00,9.635e-05,9.85e-05,9.5e-05,9.752e-05,5646197538.0
2022-02-08 08:00:00,9.752e-05,9.752e-05,9.275e-05,9.32e-05,12007415596.0
2022-02-08 09:00:00,9.319e-05,9.402e-05,9.136e-05,9.3e-05,9369811316.0
2022-02-08 10:00:00,9.291e-05,9.438e-05,9.169e-05,9.35e-05,5814374823.0
2022-02-08 11:00:00,9.36e-05,9.451e-05,9.25e-05,9.39e-05,7064799639.0
2022-02-08 12:00:00,9.397e-05,9.398e-05,9.087e-05,9.252e-05,6097191654.0
2022-02-08 13:00:00,9.264e-05,9.299e-05,9.067e-05,9.25e-05,6747550713.0
2022-02-08 14:00:00,9.252e-05,9.727e-05,9.207e-05,9.419e-05,13339911994.0
2022-02-08 15:00:00,9.422e-05,9.519e-05,9.147e-05,9.429e-05,14399667691.0
2022-02-08 16:00:00,9.436e-05,9.639e-05,9.2e-05,9.214e-05,11807101562.0
2022-02-08 17:00:00,9.201e-05,9.433e-05,9.151e-05,9.375e-05,10082697442.0
2022-02-08 18:00:00,9.376e-05,9.441e-05,9.304e-05,9.318e-05,4846645210.0
2022-02-08 19:00:00,9.316e-05,9.38e-05,9.19e-05,9.19e-05,4299696857.0
2022-02-08 20:00:00,9.19e-05,9.458e-05,9.156e-05,9.455e-05,6245416977.0
2022-02-08 21:00:00,9.446e-05,9.51e-05,9.352e-05,9.475e-05,4739303547.0
2022-02-08 22:00:00,9.484e-05,9.541e-05,9.314e-05,9.37e-05,3794764521.0
2022-02-08 23:00:00,9.367e-05,9.495e-05,9.367e-05,9.444e-05,2452231941.0
2022-02-09 00:00:00,9.446e-05,9.715e-05,9.435e-05,9.567e-05,11364561027.0
2022-02-09 01:00:00,9.567e-05,9.664e-05,9.433e-05,9.5e-05,5169116218.0
2022-02-09 02:00:00,9.512e-05,9.549e-05,9.285e-05,9.387e-05,4728624178.0
2022-02-09 03:00:00,9.387e-05,9.749e-05,9.324e-05,9.512e-05,5260004185.0
2022-02-09 04:00:00,9.505e-05,9.583e-05,9.48e-05,9.532e-05,2284947262.0
2022-02-09 05:00:00,9.534e-05,9.59e-05,9.36e-05,9.529e-05,4617922411.0
2022-02-09 06:00:00,9.528e-05,9.648e-05,9.525e-05,9.642e-05,2172510207.0
2022-02-09 07:00:00,9.648e-05,9.648e-05,9.502e-05,9.6e-05,2534589448.0
2022-02-09 08:00:00,9.604e-05,9.654e-05,9.468e-05,9.504e-05,2527249084.0
2022-02-09 09:00:00,9.511e-05,9.568e-05,9.447e-05,9.462e-05,2922480671.0
2022-02-09 10:00:00,9.472e-05,9.522e-05,9.442e-05,9.456e-05,2992041897.0
2022-02-09 11:00:00,9.466e-05,9.66e-05,9.455e-05,9.592e-05,5935634721.0
2022-02-09 12:00:00,9.592e-05,9.685e-05,9.517e-05,9.633e-05,3867812490.0
2022-02-09 13:00:00,9.628e-05,9.78e-05,9.591e-05,9.635e-05,9441274533.0
2022-02-09 14:00:00,9.626e-05,9.684e-05,9.566e-05,9.623e-05,2264323217.0
2022-02-09 15:00:00,9.625e-05,9.65e-05,9.562e-05,9.63e-05,3881742698.0
2022-02-09 16:00:00,9.633e-05,9.714e-05,9.6e-05,9.695e-05,6452560569.0
2022-02-09 17:00:00,9.69e-05,9.71e-05,9.585e-05,9.603e-05,1714545745.0
2022-02-09 18:00:00,9.603e-05,9.627e-05,9.57e-05,9.612e-05,1370317880.0
2022-02-09 19:00:00,9.606e-05,9.752e-05,9.598e-05,9.711e-05,4968080510.0
2022-02-09 20:00:00,9.715e-05,9.79e-05,9.694e-05,9.758e-05,2223560291.0
2022-02-09 21:00:00,9.757e-05,9.773e-05,9.69e-05,9.701e-05,2489933386.0
2022-02-09 22:00:00,9.701e-05,9.788e-05,9.695e-05,9.758e-05,2089766747.0
2022-02-09 23:00:00,9.758e-05,9.861e-05,9.695e-05,9.721e-05,6237829192.0
2022-02-10 00:00:00,9.714e-05,9.725e-05,9.506e-05,9.51e-05,6788107041.0
2022-02-10 01:00:00,9.51e-05,9.523e-05,9.464e-05,9.501e-05,1207934966.0
2022-02-10 02:00:00,9.501e-05,9.596e-05,9.406e-05,9.412e-05,4624514207.0
2022-02-10 03:00:00,9.417e-05,9.451e-05,9.333e-05,9.41e-05,2760941941.0
2022-02-10 04:00:00,9.41e-05,9.449e-05,9.363e-05,9.397e-05,1531224699.0
2022-02-10 05:00:00,9.401e-05,9.443e-05,9.38e-05,9.436e-05,1246998633.0
2022-02-10 06:00:00,9.44e-05,9.462e-05,9.392e-05,9.448e-05,1733525663.0
2022-02-10 07:00:00,9.441e-05,9.49e-05,9.416e-05,9.482e-05,1682263426.0
2022-02-10 08:00:00,9.482e-05,9.586e-05,9.455e-05,9.58e-05,2348967251.0
2022-02-10 09:00:00,9.581e-05,9.608e-05,9.521e-05,9.599e-05,2758073013.0
2022-02-10 10:00:00,9.596e-05,9.65e-05,9.592e-05,9.604e-05,2595722444.0
2022-02-10 11:00:00,9.604e-05,9.679e-05,9.555e-05,9.557e-05,3336794266.0
2022-02-10 12:00:00,9.563e-05,9.608e-05,9.424e-05,9.5e-05,4208956720.0
2022-02-10 13:00:00,9.504e-05,9.53e-05,9.073e-05,9.098e-05,8024279361.0
2022-02-10 14:00:00,9.098e-05,9.309e-05,8.924e-05,9.3e-05,8140932748.0
2022-02-10 15:00:00,9.308e-05,9.538e-05,9.257e-05,9.445e-05,6535105482.0
2022-02-10 16:00:00,9.442e-05,9.487e-05,9.351e-05,9.389e-05,4380872725.0
2022-02-10 17:00:00,9.393e-05,9.511e-05,9.379e-05,9.449e-05,4550501301.0
2022-02-10 18:00:00,9.449e-05,9.451e-05,9.337e-05,9.355e-05,2670326637.0
2022-02-10 19:00:00,9.366e-05,9.366e-05,9.141e-05,9.165e-05,3835080891.0
2022-02-10 20:00:00,9.165e-05,9.259e-05,9.124e-05,9.175e-05,2979091058.0
2022-02-10 21:00:00,9.165e-05,9.29e-05,9.146e-05,9.25e-05,2650419257.0
2022-02-10 22:00:00,9.251e-05,9.38e-05,9.181e-05,9.366e-05,2627288564.0
2022-02-10 23:00:00,9.361e-05,9.387e-05,9.148e-05,9.25e-05,2751831846.0
2022-02-11 00:00:00,9.257e-05,9.278e-05,8.915e-05,9.025e-05,6202848793.0
2022-02-11 01:00:00,9.032e-05,9.166e-05,8.967e-05,9.013e-05,3403372129.0
2022-02-11 02:00:00,9.013e-05,9.013e-05,8.96e-05,8.962e-05,1991991579.0
2022-02-11 03:00:00,8.97e-05,9.053e-05,8.96e-05,9.018e-05,2210961469.0
2022-02-11 04:00:00,9.017e-05,9.058e-05,8.953e-05,8.992e-05,1499468437.0
2022-02-11 05:00:00,8.984e-05,9.013e-05,8.949e-05,8.949e-05,1232660289.0
2022-02-11 06:00:00,8.939e-05,9.066e-05,8.93e-05,9.05e-05,1552008938.0
